version,m,n,k,dtype_d,workspace_mib,bench_tile,bench_tflops,bench_error,ours_tile,ours_tflops,ours_error,same_kernel,tflops_ratio
10.0.0,7168,1024,512,bf16,128,224x128 MI16 SK5,479.044,,224x128 MI16 SK5,494.2,,True,0.969
1.5.0,7168,1024,512,bf16,128,224x128 MI16 SK5,482.736,,224x128 MI16 SK5,487.3,,True,0.991
10.0.0,2048,4096,512,bf16,128,256x128 MI16 SK5,630.223,,256x128 MI16 SK5,571.5,,True,1.103
1.5.0,2048,4096,512,bf16,128,256x128 MI16 SK5,628.379,,256x128 MI16 SK5,620.7,,True,1.012
10.0.0,5120,8192,640,bf16,128,256x224 MI32 SK5,678.896,,256x224 MI32 SK5,791.3,,True,0.858
1.5.0,5120,8192,640,bf16,128,256x224 MI32 SK5,690.154,,256x224 MI32 SK5,792.3,,True,0.871
10.0.0,7168,1024,768,bf16,128,224x128 MI16 SK5,606.471,,224x128 MI16 SK5,624.0,,True,0.972
1.5.0,7168,1024,768,bf16,128,224x128 MI16 SK5,583.555,,224x128 MI16 SK5,623.3,,True,0.936
10.0.0,7168,1024,1024,bf16,128,224x128 MI16 SK5,690.509,,224x128 MI16 SK5,730.9,,True,0.945
1.5.0,7168,1024,1024,bf16,128,224x128 MI16 SK5,711.087,,224x128 MI16 SK5,729.0,,True,0.975
10.0.0,7168,2048,1024,bf16,128,224x256 MI16 SK5,858.258,,224x256 MI16 SK5,934.1,,True,0.919
1.5.0,7168,2048,1024,bf16,128,224x256 MI16 SK5,823.918,,224x256 MI16 SK5,940.4,,True,0.876
10.0.0,7168,32768,1024,bf16,128,224x384 MI16 SK5,1097.35,,224x384 MI16 SK5,1106.0,,True,0.992
1.5.0,7168,32768,1024,bf16,128,224x384 MI16 SK5,1089.01,,224x384 MI16 SK5,1106.3,,True,0.984
10.0.0,8192,32768,1024,bf16,128,256x320 MI16 SK5,1094.15,,256x320 MI16 SK5,1110.9,,True,0.985
1.5.0,8192,32768,1024,bf16,128,256x320 MI16 SK5,1101.36,,256x320 MI16 SK5,1108.0,,True,0.994
10.0.0,5120,8192,1280,bf16,128,256x224 MI32 SK5,834.233,,256x224 MI32 SK5,944.4,,True,0.883
1.5.0,5120,8192,1280,bf16,128,256x224 MI32 SK5,845.399,,256x224 MI32 SK5,946.8,,True,0.893
10.0.0,1536,512,1536,bf16,128,96x32 MI16 SK5,255.383,,96x32 MI16 SK5,261.2,,True,0.978
1.5.0,1536,512,1536,bf16,128,96x32 MI16 SK5,258.941,,96x32 MI16 SK5,264.9,,True,0.978
10.0.0,7168,32768,1792,bf16,128,224x384 MI16 SK5,1238.4,,224x384 MI16 SK5,1252.0,,True,0.989
1.5.0,7168,32768,1792,bf16,128,224x384 MI16 SK5,1249.06,,224x384 MI16 SK5,1266.4,,True,0.986
10.0.0,16384,512,2048,bf16,128,160x256 MI16 SK5,799.808,,160x256 MI16 SK5,923.4,,True,0.866
1.5.0,16384,512,2048,bf16,128,160x256 MI16 SK5,790.788,,160x256 MI16 SK5,963.5,,True,0.821
10.0.0,6144,16384,2048,bf16,128,256x320 MI16 SK5,1227.39,,256x320 MI16 SK5,1245.0,,True,0.986
1.5.0,6144,16384,2048,bf16,128,256x320 MI16 SK5,1235.7,,256x320 MI16 SK5,1261.2,,True,0.98
10.0.0,16384,16384,2048,bf16,128,256x320 MI16 SK5,1283.37,,256x320 MI16 SK5,1277.6,,True,1.005
1.5.0,16384,16384,2048,bf16,128,256x320 MI16 SK5,1281.0,,256x320 MI16 SK5,1299.9,,True,0.985
10.0.0,6144,32768,2048,bf16,128,256x320 MI16 SK5,1250.6,,256x320 MI16 SK5,1251.6,,True,0.999
1.5.0,6144,32768,2048,bf16,128,256x320 MI16 SK5,1247.44,,256x320 MI16 SK5,1268.3,,True,0.984
10.0.0,8192,32768,2048,bf16,128,256x320 MI16 SK5,1285.71,,256x320 MI16 SK5,1285.0,,True,1.001
1.5.0,8192,32768,2048,bf16,128,256x320 MI16 SK5,1266.63,,256x320 MI16 SK5,1305.3,,True,0.97
10.0.0,16384,32768,2048,bf16,128,256x320 MI16 SK5,1296.72,,256x320 MI16 SK5,1299.7,,True,0.998
1.5.0,16384,32768,2048,bf16,128,256x320 MI16 SK5,1298.98,,256x320 MI16 SK5,1322.3,,True,0.982
10.0.0,6144,32768,3072,bf16,128,256x320 MI16 SK5,1321.23,,256x320 MI16 SK5,1323.0,,True,0.999
1.5.0,6144,32768,3072,bf16,128,256x320 MI16 SK5,1320.24,,256x320 MI16 SK5,1348.5,,True,0.979
10.0.0,1024,512,4096,bf16,128,64x64 MI16 SK5,282.192,,64x64 MI16 SK5,294.1,,True,0.96
1.5.0,1024,512,4096,bf16,128,64x64 MI16 SK5,284.435,,64x64 MI16 SK5,288.9,,True,0.985
10.0.0,8704,512,4096,bf16,128,80x256 MI16 SK5,629.761,,80x256 MI16 SK5,742.6,,True,0.848
1.5.0,8704,512,4096,bf16,128,80x256 MI16 SK5,614.703,,80x256 MI16 SK5,716.1,,True,0.858
10.0.0,129280,768,4096,bf16,128,176x384 MI16 SK5,1261.79,,176x384 MI16 SK5,1302.7,,True,0.969
1.5.0,129280,768,4096,bf16,128,176x384 MI16 SK5,1279.55,,176x384 MI16 SK5,1304.9,,True,0.981
10.0.0,512,1024,4096,bf16,128,64x64 MI16 SK5,282.936,,64x64 MI16 SK5,297.9,,True,0.95
1.5.0,512,1024,4096,bf16,128,64x64 MI16 SK5,277.812,,64x64 MI16 SK5,286.0,,True,0.971
10.0.0,2048,1024,4096,bf16,128,256x128 MI16 SK5,516.688,,256x128 MI16 SK5,557.7,,True,0.926
1.5.0,2048,1024,4096,bf16,128,256x128 MI16 SK5,430.897,,256x128 MI16 SK5,446.6,,True,0.965
10.0.0,512,1280,4096,bf16,128,64x80 MI16 SK5,305.214,,64x80 MI16 SK5,317.3,,True,0.962
1.5.0,512,1280,4096,bf16,128,64x80 MI16 SK5,317.112,,64x80 MI16 SK5,320.2,,True,0.99
10.0.0,129280,1536,4096,bf16,128,256x320 MI16 SK5,1326.72,,256x320 MI16 SK5,1336.0,,True,0.993
1.5.0,129280,1536,4096,bf16,128,256x320 MI16 SK5,1325.33,,256x320 MI16 SK5,1356.0,,True,0.977
10.0.0,1024,2048,4096,bf16,128,256x128 MI16 SK5,524.096,,256x128 MI16 SK5,552.6,,True,0.948
1.5.0,1024,2048,4096,bf16,128,256x128 MI16 SK5,434.493,,256x128 MI16 SK5,441.9,,True,0.983
10.0.0,129280,2048,4096,bf16,128,272x256 MI16 SK5,1319.32,,272x256 MI16 SK5,1333.1,,True,0.99
1.5.0,129280,2048,4096,bf16,128,272x256 MI16 SK5,1322.54,,272x256 MI16 SK5,1365.2,,True,0.969
10.0.0,512,3072,4096,bf16,128,256x96 MI16 SK5,428.639,,256x96 MI16 SK5,463.8,,True,0.924
1.5.0,512,3072,4096,bf16,128,256x96 MI16 SK5,360.215,,256x96 MI16 SK5,374.8,,True,0.961
10.0.0,512,3840,4096,bf16,128,256x128 MI16 SK5,465.764,,256x128 MI16 SK5,509.9,,True,0.913
1.5.0,512,3840,4096,bf16,128,256x128 MI16 SK5,388.287,,256x128 MI16 SK5,406.4,,True,0.955
10.0.0,512,4096,4096,bf16,128,256x128 MI16 SK5,480.959,,256x128 MI16 SK5,529.6,,True,0.908
1.5.0,512,4096,4096,bf16,128,256x128 MI16 SK5,392.862,,256x128 MI16 SK5,408.3,,True,0.962
10.0.0,512,4352,4096,bf16,128,256x144 MI16 SK5,517.686,,256x144 MI16 SK5,556.0,,True,0.931
1.5.0,512,4352,4096,bf16,128,256x144 MI16 SK5,454.749,,256x144 MI16 SK5,522.1,,True,0.871
10.0.0,512,10240,4096,bf16,128,256x80 MI16 SK5,701.105,,256x80 MI16 SK5,875.3,,True,0.801
1.5.0,512,10240,4096,bf16,128,256x80 MI16 SK5,719.184,,256x80 MI16 SK5,890.9,,True,0.807
10.0.0,512,12288,4096,bf16,128,256x96 MI16 SK5,828.345,,256x96 MI16 SK5,961.0,,True,0.862
1.5.0,512,12288,4096,bf16,128,256x96 MI16 SK5,817.959,,256x96 MI16 SK5,950.5,,True,0.861
10.0.0,16384,32768,4096,bf16,128,256x320 MI16 SK5,1378.93,,256x320 MI16 SK5,1421.7,,True,0.97
1.5.0,16384,32768,4096,bf16,128,256x320 MI16 SK5,1371.71,,256x320 MI16 SK5,1446.7,,True,0.948
10.0.0,5120,512,5120,bf16,128,160x128 MI16 SK5,644.194,,160x128 MI16 SK5,712.9,,True,0.904
1.5.0,5120,512,5120,bf16,128,160x128 MI16 SK5,568.599,,160x128 MI16 SK5,687.7,,True,0.827
10.0.0,6400,512,5120,bf16,128,320x176 MI16 SK5,595.042,,320x176 MI16 SK5,678.9,,True,0.876
1.5.0,6400,512,5120,bf16,128,320x176 MI16 SK5,596.099,,320x176 MI16 SK5,649.8,,True,0.917
10.0.0,1024,1536,5120,f32,128,128x192 MI16 SK5,513.261,,128x192 MI16 SK5,559.8,,True,0.917
1.5.0,1024,1536,5120,f32,128,128x192 MI16 SK5,524.117,,128x192 MI16 SK5,560.3,,True,0.935
10.0.0,1024,2048,5120,f32,128,256x128 MI16 SK5,527.378,,256x128 MI16 SK5,585.2,,True,0.901
1.5.0,1024,2048,5120,f32,128,256x128 MI16 SK5,464.723,,256x128 MI16 SK5,497.2,,True,0.935
10.0.0,12800,16384,5120,bf16,128,224x384 MI16 SK5,1372.85,,224x384 MI16 SK5,1416.8,,True,0.969
1.5.0,12800,16384,5120,bf16,128,224x384 MI16 SK5,1372.57,,224x384 MI16 SK5,1412.9,,True,0.971
10.0.0,12800,32768,5120,bf16,128,288x288 MI16 SK5,1391.34,,288x288 MI16 SK5,1437.4,,True,0.968
1.5.0,12800,32768,5120,bf16,128,288x288 MI16 SK5,1393.52,,288x288 MI16 SK5,1452.3,,True,0.96
10.0.0,1280,512,6144,bf16,128,160x128 MI16 SK5,346.368,,160x128 MI16 SK5,360.0,,True,0.962
1.5.0,1280,512,6144,bf16,128,160x128 MI16 SK5,210.043,,160x128 MI16 SK5,229.3,,True,0.916
10.0.0,1536,512,6144,bf16,128,192x128 MI32 SK5,378.671,,192x128 MI32 SK5,420.5,,True,0.901
1.5.0,1536,512,6144,bf16,128,192x128 MI32 SK5,202.593,,192x128 MI32 SK5,208.5,,True,0.972
10.0.0,2304,512,6144,bf16,128,144x256 MI16 SK5,465.047,,144x256 MI16 SK5,490.5,,True,0.948
1.5.0,2304,512,6144,bf16,128,144x256 MI16 SK5,273.914,,144x256 MI16 SK5,288.9,,True,0.948
10.0.0,2560,512,6144,bf16,128,160x128 MI16 SK5,514.573,,160x128 MI16 SK5,552.0,,True,0.932
1.5.0,2560,512,6144,bf16,128,160x128 MI16 SK5,432.147,,160x128 MI16 SK5,475.6,,True,0.909
10.0.0,3072,512,6144,f32,128,96x256 MI16 SK5,500.061,,96x256 MI16 SK5,532.1,,True,0.94
1.5.0,3072,512,6144,f32,128,96x256 MI16 SK5,433.154,,96x256 MI16 SK5,526.7,,True,0.822
10.0.0,2048,1024,6144,f32,128,256x128 MI16 SK5,586.477,,256x128 MI16 SK5,627.4,,True,0.935
1.5.0,2048,1024,6144,f32,128,256x128 MI16 SK5,502.14,,256x128 MI16 SK5,541.5,,True,0.927
10.0.0,2304,1024,6144,bf16,128,160x256 MI16 SK5,594.444,,160x256 MI16 SK5,666.0,,True,0.893
1.5.0,2304,1024,6144,bf16,128,160x256 MI16 SK5,556.45,,160x256 MI16 SK5,573.5,,True,0.97
10.0.0,2560,1024,6144,bf16,128,160x256 MI16 SK5,643.73,,160x256 MI16 SK5,704.4,,True,0.914
1.5.0,2560,1024,6144,bf16,128,160x256 MI16 SK5,606.634,,160x256 MI16 SK5,693.7,,True,0.874
10.0.0,3072,1024,6144,f32,128,192x256 MI16 SK5,668.767,,192x256 MI16 SK5,748.0,,True,0.894
1.5.0,3072,1024,6144,f32,128,192x256 MI16 SK5,632.647,,192x256 MI16 SK5,706.6,,True,0.895
10.0.0,9216,16384,6144,bf16,128,192x448 MI16 SK5,1385.63,,192x448 MI16 SK5,1397.6,,True,0.991
1.5.0,9216,16384,6144,bf16,128,192x448 MI16 SK5,1382.46,,192x448 MI16 SK5,1408.0,,True,0.982
10.0.0,6144,32768,6144,bf16,128,256x320 MI16 SK5,1391.56,,256x320 MI16 SK5,1448.6,,True,0.961
1.5.0,6144,32768,6144,bf16,128,256x320 MI16 SK5,1392.77,,256x320 MI16 SK5,1464.0,,True,0.951
10.0.0,9216,32768,6144,bf16,128,288x288 MI16 SK5,1418.41,,288x288 MI16 SK5,1465.9,,True,0.968
1.5.0,9216,32768,6144,bf16,128,288x288 MI16 SK5,1418.01,,288x288 MI16 SK5,1464.5,,True,0.968
10.0.0,5120,512,6400,bf16,128,160x256 MI16 SK5,591.163,,160x256 MI16 SK5,677.0,,True,0.873
1.5.0,5120,512,6400,bf16,128,160x256 MI16 SK5,570.654,,160x256 MI16 SK5,670.8,,True,0.851
10.0.0,16384,16384,6656,bf16,128,256x320 MI16 SK5,1401.93,,256x320 MI16 SK5,1474.1,,True,0.951
1.5.0,16384,16384,6656,bf16,128,256x320 MI16 SK5,1402.18,,256x320 MI16 SK5,1494.4,,True,0.938
10.0.0,16384,32768,6656,bf16,128,256x320 MI16 SK5,1430.54,,256x320 MI16 SK5,1446.7,,True,0.989
1.5.0,16384,32768,6656,bf16,128,256x320 MI16 SK5,1429.27,,256x320 MI16 SK5,1444.8,,True,0.989
10.0.0,1024,512,7168,bf16,128,128x128 MI32 SK5,415.719,,128x128 MI32 SK5,435.7,,True,0.954
1.5.0,1024,512,7168,bf16,128,128x128 MI32 SK5,157.341,,128x128 MI32 SK5,159.9,,True,0.984
10.0.0,1536,512,7168,bf16,128,192x128 MI32 SK5,439.886,,192x128 MI32 SK5,465.4,,True,0.945
1.5.0,1536,512,7168,bf16,128,192x128 MI32 SK5,219.857,,192x128 MI32 SK5,235.9,,True,0.932
10.0.0,2048,512,7168,bf16,128,128x128 MI32 SK5,534.2,,128x128 MI32 SK5,595.9,,True,0.896
1.5.0,2048,512,7168,bf16,128,128x128 MI32 SK5,509.745,,128x128 MI32 SK5,556.8,,True,0.915
10.0.0,6144,512,7168,bf16,128,192x256 MI16 SK5,667.118,,192x256 MI16 SK5,756.1,,True,0.882
1.5.0,6144,512,7168,bf16,128,192x256 MI16 SK5,687.352,,192x256 MI16 SK5,775.4,,True,0.886
10.0.0,8192,512,7168,bf16,128,256x256 MI16 SK5,668.403,,256x256 MI16 SK5,742.1,,True,0.901
1.5.0,8192,512,7168,bf16,128,256x256 MI16 SK5,639.608,,256x256 MI16 SK5,691.0,,True,0.926
10.0.0,1024,768,7168,bf16,128,128x192 MI16 SK5,454.242,,128x192 MI16 SK5,472.2,,True,0.962
1.5.0,1024,768,7168,bf16,128,128x192 MI16 SK5,267.798,,128x192 MI16 SK5,281.8,,True,0.95
10.0.0,512,1024,7168,bf16,128,128x128 MI16 SK5,330.964,,128x128 MI16 SK5,343.3,,True,0.964
1.5.0,512,1024,7168,bf16,128,128x128 MI16 SK5,239.293,,128x128 MI16 SK5,242.1,,True,0.988
10.0.0,1536,1024,7168,bf16,128,192x128 MI32 SK5,545.047,,192x128 MI32 SK5,636.4,,True,0.856
1.5.0,1536,1024,7168,bf16,128,192x128 MI32 SK5,499.858,,192x128 MI32 SK5,533.0,,True,0.938
10.0.0,2048,1024,7168,bf16,128,256x128 MI16 SK5,682.67,,256x128 MI16 SK5,731.2,,True,0.934
1.5.0,2048,1024,7168,bf16,128,256x128 MI16 SK5,554.394,,256x128 MI16 SK5,588.2,,True,0.943
10.0.0,3584,1024,7168,bf16,128,224x256 MI16 SK5,751.727,,224x256 MI16 SK5,849.6,,True,0.885
1.5.0,3584,1024,7168,bf16,128,224x256 MI16 SK5,699.274,,224x256 MI16 SK5,777.7,,True,0.899
10.0.0,512,1280,7168,bf16,128,128x160 MI16 SK5,439.646,,128x160 MI16 SK5,462.8,,True,0.95
1.5.0,512,1280,7168,bf16,128,128x160 MI16 SK5,278.956,,128x160 MI16 SK5,296.3,,True,0.941
10.0.0,1024,1280,7168,bf16,128,256x160 MI16 SK5,513.682,,256x160 MI16 SK5,535.8,,True,0.959
1.5.0,1024,1280,7168,bf16,128,256x160 MI16 SK5,294.614,,256x160 MI16 SK5,308.6,,True,0.955
10.0.0,2048,1280,7168,bf16,128,256x160 MI16 SK5,641.751,,256x160 MI16 SK5,748.9,,True,0.857
1.5.0,2048,1280,7168,bf16,128,256x160 MI16 SK5,598.328,,256x160 MI16 SK5,644.2,,True,0.929
10.0.0,512,1536,7168,bf16,128,128x192 MI16 SK5,458.864,,128x192 MI16 SK5,482.3,,True,0.951
1.5.0,512,1536,7168,bf16,128,128x192 MI16 SK5,276.06,,128x192 MI16 SK5,283.8,,True,0.973
10.0.0,1024,1536,7168,bf16,128,128x96 MI16 SK5,650.19,,128x96 MI16 SK5,735.6,,True,0.884
1.5.0,1024,1536,7168,bf16,128,128x96 MI16 SK5,624.614,,128x96 MI16 SK5,691.2,,True,0.904
10.0.0,512,1792,7168,bf16,128,128x224 MI16 SK5,502.611,,128x224 MI16 SK5,535.5,,True,0.939
1.5.0,512,1792,7168,bf16,128,128x224 MI16 SK5,323.735,,128x224 MI16 SK5,328.9,,True,0.984
10.0.0,1024,1792,7168,bf16,128,256x224 MI32 SK5,495.885,,256x224 MI32 SK5,547.1,,True,0.906
1.5.0,1024,1792,7168,bf16,128,256x224 MI32 SK5,342.803,,256x224 MI32 SK5,348.1,,True,0.985
10.0.0,2048,1792,7168,bf16,128,256x224 MI16 SK5,740.407,,256x224 MI16 SK5,860.0,,True,0.861
1.5.0,2048,1792,7168,bf16,128,256x224 MI16 SK5,660.889,,256x224 MI16 SK5,688.5,,True,0.96
10.0.0,512,2048,7168,bf16,128,128x128 MI16 SK5,530.617,,128x128 MI16 SK5,574.5,,True,0.924
1.5.0,512,2048,7168,bf16,128,128x128 MI16 SK5,537.255,,128x128 MI16 SK5,564.8,,True,0.951
10.0.0,1024,2048,7168,bf16,128,256x128 MI16 SK5,670.34,,256x128 MI16 SK5,765.9,,True,0.875
1.5.0,1024,2048,7168,bf16,128,256x128 MI16 SK5,572.009,,256x128 MI16 SK5,594.7,,True,0.962
10.0.0,2048,2048,7168,bf16,128,256x256 MI16 SK5,724.016,,256x256 MI16 SK5,790.3,,True,0.916
1.5.0,2048,2048,7168,bf16,128,256x256 MI16 SK5,673.117,,256x256 MI16 SK5,702.3,,True,0.958
10.0.0,512,4096,7168,bf16,128,256x128 MI16 SK5,624.269,,256x128 MI16 SK5,719.1,,True,0.868
1.5.0,512,4096,7168,bf16,128,256x128 MI16 SK5,529.403,,256x128 MI16 SK5,575.4,,True,0.92
10.0.0,512,6144,7168,bf16,128,256x192 MI16 SK5,636.247,,256x192 MI16 SK5,750.0,,True,0.848
1.5.0,512,6144,7168,bf16,128,256x192 MI16 SK5,593.15,,256x192 MI16 SK5,633.5,,True,0.936
10.0.0,512,8192,7168,bf16,128,256x256 MI16 SK5,679.66,,256x256 MI16 SK5,763.9,,True,0.89
1.5.0,512,8192,7168,bf16,128,256x256 MI16 SK5,608.106,,256x256 MI16 SK5,617.4,,True,0.985
10.0.0,3584,32768,7168,bf16,128,256x320 MI16 SK5,1391.16,,256x320 MI16 SK5,1408.7,,True,0.988
1.5.0,3584,32768,7168,bf16,128,256x320 MI16 SK5,1393.67,,256x320 MI16 SK5,1402.3,,True,0.994
10.0.0,8192,32768,7168,bf16,128,256x320 MI16 SK5,1427.73,,256x320 MI16 SK5,1481.5,,True,0.964
1.5.0,8192,32768,7168,bf16,128,256x320 MI16 SK5,1420.06,,256x320 MI16 SK5,1477.1,,True,0.961
10.0.0,1280,512,8192,bf16,128,160x128 MI16 SK5,459.65,,160x128 MI16 SK5,494.2,,True,0.93
1.5.0,1280,512,8192,bf16,128,160x128 MI16 SK5,288.021,,160x128 MI16 SK5,321.4,,True,0.896
10.0.0,4096,512,8192,bf16,128,128x256 MI16 SK5,624.609,,128x256 MI16 SK5,712.9,,True,0.876
1.5.0,4096,512,8192,bf16,128,128x256 MI16 SK5,664.984,,128x256 MI16 SK5,737.1,,True,0.902
10.0.0,4608,512,8192,bf16,128,144x256 MI16 SK5,650.424,,144x256 MI16 SK5,739.0,,True,0.88
1.5.0,4608,512,8192,bf16,128,144x256 MI16 SK5,616.896,,144x256 MI16 SK5,679.2,,True,0.908
10.0.0,8192,512,8192,bf16,128,256x256 MI16 SK5,706.119,,256x256 MI16 SK5,803.6,,True,0.879
1.5.0,8192,512,8192,bf16,128,256x256 MI16 SK5,676.972,,256x256 MI16 SK5,734.9,,True,0.921
10.0.0,14336,512,8192,bf16,128,112x256 MI16 SK5,859.3,,112x256 MI16 SK5,975.0,,True,0.881
1.5.0,14336,512,8192,bf16,128,112x256 MI16 SK5,846.061,,112x256 MI16 SK5,976.0,,True,0.867
10.0.0,4096,768,8192,bf16,128,256x192 MI16 SK5,740.831,,256x192 MI16 SK5,816.6,,True,0.907
1.5.0,4096,768,8192,bf16,128,256x192 MI16 SK5,688.572,,256x192 MI16 SK5,735.0,,True,0.937
10.0.0,512,1024,8192,bf16,128,128x128 MI16 SK5,390.274,,128x128 MI16 SK5,416.8,,True,0.936
1.5.0,512,1024,8192,bf16,128,128x128 MI16 SK5,311.568,,128x128 MI16 SK5,313.7,,True,0.993
10.0.0,4096,1024,8192,bf16,128,256x256 MI16 SK5,775.352,,256x256 MI16 SK5,844.6,,True,0.918
1.5.0,4096,1024,8192,bf16,128,256x256 MI16 SK5,717.322,,256x256 MI16 SK5,751.3,,True,0.955
10.0.0,4608,1024,8192,bf16,128,288x288 MI16 SK5,807.831,,288x288 MI16 SK5,922.6,,True,0.876
1.5.0,4608,1024,8192,bf16,128,288x288 MI16 SK5,781.535,,288x288 MI16 SK5,844.7,,True,0.925
10.0.0,512,2048,8192,bf16,128,256x128 MI16 SK5,519.814,,256x128 MI16 SK5,551.1,,True,0.943
1.5.0,512,2048,8192,bf16,128,256x128 MI16 SK5,297.075,,256x128 MI16 SK5,310.1,,True,0.958
10.0.0,512,4096,8192,bf16,128,256x128 MI16 SK5,632.427,,256x128 MI16 SK5,748.7,,True,0.845
1.5.0,512,4096,8192,bf16,128,256x128 MI16 SK5,561.525,,256x128 MI16 SK5,587.4,,True,0.956
10.0.0,512,8192,8192,bf16,128,256x256 MI16 SK5,739.635,,256x256 MI16 SK5,814.9,,True,0.908
1.5.0,512,8192,8192,bf16,128,256x256 MI16 SK5,612.255,,256x256 MI16 SK5,619.1,,True,0.989
10.0.0,10240,8192,8192,bf16,128,224x384 MI16 SK5,1445.33,,224x384 MI16 SK5,1473.7,,True,0.981
1.5.0,10240,8192,8192,bf16,128,224x384 MI16 SK5,1450.34,,224x384 MI16 SK5,1463.2,,True,0.991
10.0.0,14336,8192,8192,bf16,128,256x320 MI16 SK5,1417.22,,256x320 MI16 SK5,1432.5,,True,0.989
1.5.0,14336,8192,8192,bf16,128,256x320 MI16 SK5,1413.73,,256x320 MI16 SK5,1427.8,,True,0.99
10.0.0,7168,16384,8192,bf16,128,256x320 MI16 SK5,1417.22,,256x320 MI16 SK5,1440.8,,True,0.984
1.5.0,7168,16384,8192,bf16,128,256x320 MI16 SK5,1418.16,,256x320 MI16 SK5,1441.1,,True,0.984
10.0.0,10240,16384,8192,bf16,128,224x384 MI16 SK5,1437.34,,224x384 MI16 SK5,1452.0,,True,0.99
1.5.0,10240,16384,8192,bf16,128,224x384 MI16 SK5,1437.5,,224x384 MI16 SK5,1446.4,,True,0.994
10.0.0,14336,16384,8192,bf16,128,224x384 MI16 SK5,1447.17,,224x384 MI16 SK5,1465.2,,True,0.988
1.5.0,14336,16384,8192,bf16,128,224x384 MI16 SK5,1449.8,,224x384 MI16 SK5,1462.1,,True,0.992
10.0.0,7168,32768,8192,bf16,128,224x384 MI16 SK5,1438.43,,224x384 MI16 SK5,1478.4,,True,0.973
1.5.0,7168,32768,8192,bf16,128,224x384 MI16 SK5,1431.2,,224x384 MI16 SK5,1475.1,,True,0.97
10.0.0,6144,1024,12288,bf16,128,192x128 MI16 SK5,993.247,,192x128 MI16 SK5,1106.7,,True,0.897
1.5.0,6144,1024,12288,bf16,128,192x128 MI16 SK5,992.928,,192x128 MI16 SK5,1092.1,,True,0.909
10.0.0,6144,16384,12288,bf16,128,256x320 MI16 SK5,1461.11,,256x320 MI16 SK5,1456.5,,True,1.003
1.5.0,6144,16384,12288,bf16,128,256x320 MI16 SK5,1464.83,,256x320 MI16 SK5,1450.8,,True,1.01
10.0.0,6144,32768,12288,bf16,128,256x320 MI16 SK5,1431.74,,256x320 MI16 SK5,1463.9,,True,0.978
1.5.0,6144,32768,12288,bf16,128,256x320 MI16 SK5,1435.14,,256x320 MI16 SK5,1472.3,,True,0.975
10.0.0,2304,512,16384,bf16,128,144x256 MI16 SK5,695.104,,144x256 MI16 SK5,821.4,,True,0.846
1.5.0,2304,512,16384,bf16,128,144x256 MI16 SK5,531.409,,144x256 MI16 SK5,588.6,,True,0.903
10.0.0,4608,512,16384,bf16,128,112x512 MI16 SK5,793.65,,112x512 MI16 SK5,910.6,,True,0.872
1.5.0,4608,512,16384,bf16,128,112x512 MI16 SK5,555.424,,112x512 MI16 SK5,565.4,,True,0.982
10.0.0,2304,1024,16384,bf16,128,384x208 MI16 SK5,875.234,,384x208 MI16 SK5,956.1,,True,0.915
1.5.0,2304,1024,16384,bf16,128,384x208 MI16 SK5,634.776,,384x208 MI16 SK5,637.8,,True,0.995
10.0.0,4608,1024,16384,bf16,128,288x288 MI16 SK5,1021.6,,288x288 MI16 SK5,1116.0,,True,0.915
1.5.0,4608,1024,16384,bf16,128,288x288 MI16 SK5,988.043,,288x288 MI16 SK5,1042.2,,True,0.948
10.0.0,7168,16384,35840,bf16,128,288x288 MI16 SK5,1443.97,,288x288 MI16 SK5,1446.0,,True,0.999
1.5.0,7168,16384,35840,bf16,128,288x288 MI16 SK5,1443.74,,288x288 MI16 SK5,1435.0,,True,1.006
10.0.0,512,1024,7168,bf16,32,128x128 MI16 SK5,340.562,,128x128 MI16 SK5,346.8,,True,0.982
1.5.0,512,1024,7168,bf16,32,128x128 MI16 SK5,238.609,,128x128 MI16 SK5,240.2,,True,0.993
10.0.0,512,1280,7168,bf16,32,128x160 MI16 SK5,446.33,,128x160 MI16 SK5,458.4,,True,0.974
1.5.0,512,1280,7168,bf16,32,128x160 MI16 SK5,288.907,,128x160 MI16 SK5,290.0,,True,0.996
10.0.0,512,1536,7168,bf16,32,128x192 MI16 SK5,453.147,,128x192 MI16 SK5,476.3,,True,0.951
1.5.0,512,1536,7168,bf16,32,128x192 MI16 SK5,277.966,,128x192 MI16 SK5,281.6,,True,0.987
10.0.0,512,1792,7168,bf16,32,128x224 MI16 SK5,508.833,,128x224 MI16 SK5,536.5,,True,0.948
1.5.0,512,1792,7168,bf16,32,128x224 MI16 SK5,325.658,,128x224 MI16 SK5,329.1,,True,0.99
10.0.0,512,2048,8192,bf16,32,256x128 MI16 SK5,515.448,,256x128 MI16 SK5,548.3,,True,0.94
1.5.0,512,2048,8192,bf16,32,256x128 MI16 SK5,304.77,,256x128 MI16 SK5,306.2,,True,0.995
10.0.0,512,3072,4096,bf16,32,256x96 MI16 SK5,437.667,,256x96 MI16 SK5,460.1,,True,0.951
1.5.0,512,3072,4096,bf16,32,256x96 MI16 SK5,355.544,,256x96 MI16 SK5,379.7,,True,0.936
10.0.0,512,3840,4096,bf16,32,256x128 MI16 SK5,468.201,,256x128 MI16 SK5,510.7,,True,0.917
1.5.0,512,3840,4096,bf16,32,256x128 MI16 SK5,392.258,,256x128 MI16 SK5,412.1,,True,0.952
10.0.0,512,4096,4096,bf16,32,256x128 MI16 SK5,490.713,,256x128 MI16 SK5,528.2,,True,0.929
1.5.0,512,4096,4096,bf16,32,256x128 MI16 SK5,395.121,,256x128 MI16 SK5,410.3,,True,0.963
10.0.0,512,4096,8192,bf16,32,256x128 MI16 SK5,631.961,,256x128 MI16 SK5,755.0,,True,0.837
1.5.0,512,4096,8192,bf16,32,256x128 MI16 SK5,568.964,,256x128 MI16 SK5,587.5,,True,0.968
10.0.0,512,4352,4096,bf16,32,256x144 MI16 SK5,326.833,,256x144 MI16 SK5,,error 6,True,
1.5.0,512,4352,4096,bf16,32,256x144 MI16 SK5,325.899,,256x144 MI16 SK5,330.5,,True,0.986
10.0.0,512,6144,7168,bf16,32,256x192 MI16 SK5,448.148,,256x192 MI16 SK5,,error 6,True,
1.5.0,512,6144,7168,bf16,32,256x192 MI16 SK5,448.416,,256x192 MI16 SK5,451.0,,True,0.994
10.0.0,512,8192,7168,bf16,32,256x256 MI16 SK5,503.977,,256x256 MI16 SK5,,error 6,True,
1.5.0,512,8192,7168,bf16,32,256x256 MI16 SK5,503.218,,256x256 MI16 SK5,508.8,,True,0.989
10.0.0,512,8192,8192,bf16,32,256x256 MI16 SK5,529.507,,256x256 MI16 SK5,,error 6,True,
1.5.0,512,8192,8192,bf16,32,256x256 MI16 SK5,531.103,,256x256 MI16 SK5,533.5,,True,0.996
10.0.0,1024,512,7168,bf16,32,128x128 MI32 SK5,408.267,,128x128 MI32 SK5,434.6,,True,0.939
1.5.0,1024,512,7168,bf16,32,128x128 MI32 SK5,159.647,,128x128 MI32 SK5,160.9,,True,0.992
10.0.0,1024,768,7168,bf16,32,128x192 MI16 SK5,447.926,,128x192 MI16 SK5,467.4,,True,0.958
1.5.0,1024,768,7168,bf16,32,128x192 MI16 SK5,277.01,,128x192 MI16 SK5,279.4,,True,0.991
10.0.0,1024,1280,7168,bf16,32,256x160 MI16 SK5,226.065,,256x160 MI16 SK5,,error 6,True,
1.5.0,1024,1280,7168,bf16,32,256x160 MI16 SK5,226.092,,256x160 MI16 SK5,226.2,,True,1.0
10.0.0,1024,1792,7168,bf16,32,256x224 MI32 SK5,199.595,,256x224 MI32 SK5,,error 6,True,
1.5.0,1024,1792,7168,bf16,32,256x224 MI32 SK5,199.671,,256x224 MI32 SK5,199.8,,True,0.999
10.0.0,1024,2048,5120,f32,32,256x128 MI16 SK5,560.994,,256x128 MI16 SK5,582.9,,True,0.962
1.5.0,1024,2048,5120,f32,32,256x128 MI16 SK5,470.939,,256x128 MI16 SK5,503.5,,True,0.935
10.0.0,1024,2048,7168,bf16,32,256x128 MI16 SK5,685.315,,256x128 MI16 SK5,704.3,,True,0.973
1.5.0,1024,2048,7168,bf16,32,256x128 MI16 SK5,554.905,,256x128 MI16 SK5,595.7,,True,0.932
10.0.0,1280,512,6144,bf16,32,160x128 MI16 SK5,344.442,,160x128 MI16 SK5,364.3,,True,0.945
1.5.0,1280,512,6144,bf16,32,160x128 MI16 SK5,215.495,,160x128 MI16 SK5,227.3,,True,0.948
10.0.0,1280,512,8192,bf16,32,160x128 MI16 SK5,459.06,,160x128 MI16 SK5,495.6,,True,0.926
1.5.0,1280,512,8192,bf16,32,160x128 MI16 SK5,296.614,,160x128 MI16 SK5,320.7,,True,0.925
10.0.0,1280,2048,8192,bf16,32,160x256 MI16 SK5,518.528,,160x256 MI16 SK5,,error 6,True,
1.5.0,1280,2048,8192,bf16,32,160x256 MI16 SK5,519.909,,160x256 MI16 SK5,529.1,,True,0.983
10.0.0,1536,512,6144,bf16,32,192x128 MI32 SK5,390.452,,192x128 MI32 SK5,410.0,,True,0.952
1.5.0,1536,512,6144,bf16,32,192x128 MI32 SK5,201.327,,192x128 MI32 SK5,206.7,,True,0.974
10.0.0,1536,512,7168,bf16,32,192x128 MI32 SK5,437.836,,192x128 MI32 SK5,466.6,,True,0.938
1.5.0,1536,512,7168,bf16,32,192x128 MI32 SK5,228.04,,192x128 MI32 SK5,234.3,,True,0.973
10.0.0,2048,1024,6144,f32,32,256x128 MI16 SK5,590.238,,256x128 MI16 SK5,638.7,,True,0.924
1.5.0,2048,1024,6144,f32,32,256x128 MI16 SK5,515.293,,256x128 MI16 SK5,547.2,,True,0.942
10.0.0,2048,1024,7168,bf16,32,256x128 MI16 SK5,687.038,,256x128 MI16 SK5,733.1,,True,0.937
1.5.0,2048,1024,7168,bf16,32,256x128 MI16 SK5,561.853,,256x128 MI16 SK5,592.3,,True,0.949
10.0.0,2048,1280,7168,bf16,32,256x160 MI16 SK5,440.884,,256x160 MI16 SK5,,error 6,True,
1.5.0,2048,1280,7168,bf16,32,256x160 MI16 SK5,441.713,,256x160 MI16 SK5,450.5,,True,0.98
10.0.0,2048,1792,7168,bf16,32,256x224 MI16 SK5,533.333,,256x224 MI16 SK5,,error 6,True,
1.5.0,2048,1792,7168,bf16,32,256x224 MI16 SK5,533.875,,256x224 MI16 SK5,546.4,,True,0.977
10.0.0,2048,2048,7168,bf16,32,256x256 MI16 SK5,547.329,,256x256 MI16 SK5,,error 6,True,
1.5.0,2048,2048,7168,bf16,32,256x256 MI16 SK5,550.486,,256x256 MI16 SK5,558.1,,True,0.986
10.0.0,2304,512,6144,bf16,32,144x256 MI16 SK5,212.7,,144x256 MI16 SK5,,error 6,True,
1.5.0,2304,512,6144,bf16,32,144x256 MI16 SK5,212.95,,144x256 MI16 SK5,214.5,,True,0.993
10.0.0,2304,512,16384,bf16,32,144x256 MI16 SK5,230.417,,144x256 MI16 SK5,,error 6,True,
1.5.0,2304,512,16384,bf16,32,144x256 MI16 SK5,230.967,,144x256 MI16 SK5,231.8,,True,0.996
10.0.0,2304,1024,6144,bf16,32,160x256 MI16 SK5,431.543,,160x256 MI16 SK5,,error 6,True,
1.5.0,2304,1024,6144,bf16,32,160x256 MI16 SK5,433.349,,160x256 MI16 SK5,443.2,,True,0.978
10.0.0,2304,1024,16384,bf16,32,384x208 MI16 SK5,259.436,,384x208 MI16 SK5,,error 6,True,
1.5.0,2304,1024,16384,bf16,32,384x208 MI16 SK5,259.306,,384x208 MI16 SK5,259.8,,True,0.998
10.0.0,2304,2048,16384,bf16,32,288x288 MI16 SK5,503.513,,288x288 MI16 SK5,,error 6,True,
1.5.0,2304,2048,16384,bf16,32,288x288 MI16 SK5,503.726,,288x288 MI16 SK5,503.3,,True,1.001
10.0.0,2560,1024,6144,bf16,32,160x256 MI16 SK5,491.115,,160x256 MI16 SK5,,error 6,True,
1.5.0,2560,1024,6144,bf16,32,160x256 MI16 SK5,490.891,,160x256 MI16 SK5,507.2,,True,0.968
10.0.0,2560,1024,8192,bf16,32,160x256 MI16 SK5,520.791,,160x256 MI16 SK5,,error 6,True,
1.5.0,2560,1024,8192,bf16,32,160x256 MI16 SK5,520.918,,160x256 MI16 SK5,534.9,,True,0.974
10.0.0,3072,1024,6144,f32,32,192x256 MI16 SK5,436.974,,192x256 MI16 SK5,,error 6,True,
1.5.0,3072,1024,6144,f32,32,192x256 MI16 SK5,439.858,,192x256 MI16 SK5,437.8,,True,1.005
10.0.0,3584,1024,7168,bf16,32,224x256 MI16 SK5,472.844,,224x256 MI16 SK5,,error 6,True,
1.5.0,3584,1024,7168,bf16,32,224x256 MI16 SK5,472.971,,224x256 MI16 SK5,478.4,,True,0.989
10.0.0,4096,768,8192,bf16,32,256x192 MI16 SK5,527.152,,256x192 MI16 SK5,,error 6,True,
1.5.0,4096,768,8192,bf16,32,256x192 MI16 SK5,530.898,,256x192 MI16 SK5,548.7,,True,0.968
10.0.0,4096,1024,8192,bf16,32,256x256 MI16 SK5,560.609,,256x256 MI16 SK5,,error 6,True,
1.5.0,4096,1024,8192,bf16,32,256x256 MI16 SK5,563.321,,256x256 MI16 SK5,576.1,,True,0.978
10.0.0,4608,512,8192,bf16,32,144x256 MI16 SK5,340.6,,144x256 MI16 SK5,,error 6,True,
1.5.0,4608,512,8192,bf16,32,144x256 MI16 SK5,340.001,,144x256 MI16 SK5,341.4,,True,0.996
10.0.0,4608,512,16384,bf16,32,112x512 MI16 SK5,275.24,,112x512 MI16 SK5,,error 6,True,
1.5.0,4608,512,16384,bf16,32,112x512 MI16 SK5,276.095,,112x512 MI16 SK5,275.9,,True,1.001
10.0.0,4608,1024,8192,bf16,32,288x288 MI16 SK5,477.484,,288x288 MI16 SK5,,error 6,True,
1.5.0,4608,1024,8192,bf16,32,288x288 MI16 SK5,479.171,,288x288 MI16 SK5,480.8,,True,0.997
10.0.0,4608,1024,16384,bf16,32,288x288 MI16 SK5,503.415,,288x288 MI16 SK5,,error 6,True,
1.5.0,4608,1024,16384,bf16,32,288x288 MI16 SK5,503.054,,288x288 MI16 SK5,505.0,,True,0.996
10.0.0,5120,512,6400,bf16,32,160x256 MI16 SK5,387.868,,160x256 MI16 SK5,,error 6,True,
1.5.0,5120,512,6400,bf16,32,160x256 MI16 SK5,389.488,,160x256 MI16 SK5,390.7,,True,0.997
10.0.0,5120,512,25600,bf16,32,160x256 MI16 SK5,408.901,,160x256 MI16 SK5,,error 6,True,
1.5.0,5120,512,25600,bf16,32,160x256 MI16 SK5,408.143,,160x256 MI16 SK5,411.1,,True,0.993
10.0.0,5120,1024,25600,bf16,32,256x256 MI16 SK5,605.703,,256x256 MI16 SK5,600.3,,True,1.009
1.5.0,5120,1024,25600,bf16,32,256x256 MI16 SK5,606.565,,256x256 MI16 SK5,601.9,,True,1.008
10.0.0,6144,512,7168,bf16,32,192x256 MI16 SK5,412.11,,192x256 MI16 SK5,,error 6,True,
1.5.0,6144,512,7168,bf16,32,192x256 MI16 SK5,411.546,,192x256 MI16 SK5,414.7,,True,0.992
10.0.0,6144,512,12288,bf16,32,192x256 MI16 SK5,421.374,,192x256 MI16 SK5,,error 6,True,
1.5.0,6144,512,12288,bf16,32,192x256 MI16 SK5,422.664,,192x256 MI16 SK5,423.2,,True,0.999
10.0.0,6144,512,18432,bf16,32,192x256 MI16 SK5,417.633,,192x256 MI16 SK5,,error 6,True,
1.5.0,6144,512,18432,bf16,32,192x256 MI16 SK5,418.809,,192x256 MI16 SK5,422.2,,True,0.992
10.0.0,6400,512,5120,bf16,32,320x176 MI16 SK5,403.93,,320x176 MI16 SK5,,error 6,True,
1.5.0,6400,512,5120,bf16,32,320x176 MI16 SK5,405.835,,320x176 MI16 SK5,410.2,,True,0.989
10.0.0,7168,512,8192,bf16,32,112x512 MI16 SK5,413.063,,112x512 MI16 SK5,,error 6,True,
1.5.0,7168,512,8192,bf16,32,112x512 MI16 SK5,412.893,,112x512 MI16 SK5,418.1,,True,0.988
10.0.0,7168,512,35840,bf16,32,448x176 MI16 SK5,314.88,,448x176 MI16 SK5,,error 6,True,
1.5.0,7168,512,35840,bf16,32,448x176 MI16 SK5,314.846,,448x176 MI16 SK5,314.1,,True,1.002
10.0.0,8192,512,7168,bf16,32,256x256 MI16 SK5,471.382,,256x256 MI16 SK5,,error 6,True,
1.5.0,8192,512,7168,bf16,32,256x256 MI16 SK5,469.835,,256x256 MI16 SK5,476.1,,True,0.987
10.0.0,8192,512,8192,bf16,32,256x256 MI16 SK5,501.273,,256x256 MI16 SK5,,error 6,True,
1.5.0,8192,512,8192,bf16,32,256x256 MI16 SK5,500.615,,256x256 MI16 SK5,504.0,,True,0.993
10.0.0,8192,512,28672,bf16,32,256x256 MI16 SK5,508.431,,256x256 MI16 SK5,,error 6,True,
1.5.0,8192,512,28672,bf16,32,256x256 MI16 SK5,509.313,,256x256 MI16 SK5,509.6,,True,0.999
10.0.0,9216,512,16384,bf16,32,448x176 MI16 SK5,408.472,,448x176 MI16 SK5,,error 6,True,
1.5.0,9216,512,16384,bf16,32,448x176 MI16 SK5,409.803,,448x176 MI16 SK5,411.1,,True,0.997
10.0.0,9216,1024,16384,bf16,32,384x208 MI16 SK5,820.956,,384x208 MI16 SK5,835.7,,True,0.982
1.5.0,9216,1024,16384,bf16,32,384x208 MI16 SK5,820.607,,384x208 MI16 SK5,833.0,,True,0.985
