sweep_tag,op,mode,pattern,W,num_warps,unroll,wpc,n_iter,bytes,cold,time_ms,time_min_ms,time_max_ms,gbps,n_active,n_xcds,wgs_per_xcd,n_cus,max_wg_per_cu,kernel_span_us,start_skew_us,wg_time_mean_us,wg_time_max_us,sclk_mhz,gbps_in_kernel,overhead_us,base_warps,base_unroll
grid,read,rr,chunked,32,1,1,1,32768,1073741824,1,6.4316,6.3841,6.4695,166.9,32,8,4/4/4/4/4/4/4/4,32,1,6420.49,0.79,6273.63,6419.92,2398.0,167.2,11.14,,
grid,read,rr,chunked,32,1,1,2,32768,1073741824,1,6.463,6.4125,6.4885,166.1,32,8,4/4/4/4/4/4/4/4,32,1,6477.79,0.71,6307.47,6477.08,2397.0,165.8,-14.8,,
grid,read,rr,chunked,32,1,2,1,16384,1073741824,1,3.5656,3.5365,3.6139,301.1,32,8,4/4/4/4/4/4/4/4,32,1,3532.77,0.75,3458.43,3532.36,2400.0,303.9,32.87,,
grid,read,rr,chunked,32,1,2,2,16384,1073741824,1,3.5507,3.5291,3.5756,302.4,32,8,4/4/4/4/4/4/4/4,32,1,3546.36,0.71,3457.34,3546.0,2394.0,302.8,4.38,,
grid,read,rr,chunked,32,1,4,1,8192,1073741824,1,2.0424,2.0167,2.0493,525.7,32,8,4/4/4/4/4/4/4/4,32,1,2013.07,0.71,1987.62,2012.36,2401.0,533.4,29.29,,
grid,read,rr,chunked,32,1,4,2,8192,1073741824,1,2.0435,2.0333,2.0592,525.4,32,8,4/4/4/4/4/4/4/4,32,1,2040.21,0.81,2008.93,2039.76,2399.0,526.3,3.31,,
grid,read,rr,chunked,32,1,8,1,4096,1073741824,1,1.3908,1.3848,1.4052,772.0,32,8,4/4/4/4/4/4/4/4,32,1,1385.72,0.85,1360.84,1385.64,2400.0,774.9,5.07,,
grid,read,rr,chunked,32,1,8,2,4096,1073741824,1,1.3718,1.364,1.3951,782.7,32,8,4/4/4/4/4/4/4/4,32,1,1383.24,0.84,1349.79,1382.76,2400.0,776.3,-11.45,,
grid,read,rr,chunked,32,2,1,1,16384,1073741824,1,3.4098,3.3945,3.4274,314.9,32,8,4/4/4/4/4/4/4/4,32,1,3417.59,0.75,3336.95,3416.84,2397.0,314.2,-7.81,,
grid,read,rr,chunked,32,2,1,2,16384,1073741824,1,3.4173,3.4042,3.4398,314.2,32,8,4/4/4/4/4/4/4/4,32,1,3429.6,0.75,3319.78,3429.16,2392.0,313.1,-12.26,,
grid,read,rr,chunked,32,2,2,1,8192,1073741824,1,1.9192,1.9117,1.9298,559.5,32,8,4/4/4/4/4/4/4/4,32,1,1907.88,0.8,1856.7,1907.48,2405.0,562.8,11.32,,
grid,read,rr,chunked,32,2,2,2,8192,1073741824,1,1.911,1.8908,1.9313,561.9,32,8,4/4/4/4/4/4/4/4,32,1,1895.91,0.71,1848.82,1895.2,2396.0,566.3,15.05,,
grid,read,rr,chunked,32,2,4,1,4096,1073741824,1,1.1845,1.176,1.1892,906.5,32,8,4/4/4/4/4/4/4/4,32,1,1172.23,0.91,1139.38,1171.32,2396.0,916.0,12.24,,
grid,read,rr,chunked,32,2,4,2,4096,1073741824,1,1.1818,1.1784,1.1922,908.6,32,8,4/4/4/4/4/4/4/4,32,1,1175.9,0.8,1143.12,1175.36,2403.0,913.1,5.87,,
grid,read,rr,chunked,32,2,8,1,2048,1073741824,1,0.7306,0.7257,0.7354,1469.7,32,8,4/4/4/4/4/4/4/4,32,1,723.39,0.79,706.29,722.6,2397.0,1484.3,7.18,,
grid,read,rr,chunked,32,2,8,2,2048,1073741824,1,0.7317,0.7287,0.7414,1467.4,32,8,4/4/4/4/4/4/4/4,32,1,728.34,0.7,712.15,727.76,2402.0,1474.2,3.37,,
grid,read,rr,chunked,32,4,1,1,8192,1073741824,1,1.8033,1.7838,1.8109,595.4,32,8,4/4/4/4/4/4/4/4,32,1,1780.27,0.67,1746.86,1779.6,2402.0,603.1,23.07,,
grid,read,rr,chunked,32,4,1,2,8192,1073741824,1,1.8078,1.7927,1.8203,594.0,32,8,4/4/4/4/4/4/4/4,32,1,1804.03,0.75,1765.57,1803.28,2398.0,595.2,3.75,,
grid,read,rr,chunked,32,4,2,1,4096,1073741824,1,1.0552,1.0515,1.0701,1017.6,32,8,4/4/4/4/4/4/4/4,32,1,1047.91,0.79,1013.66,1047.16,2395.0,1024.7,7.24,,
grid,read,rr,chunked,32,4,2,2,4096,1073741824,1,1.06,1.0563,1.0641,1013.0,32,8,4/4/4/4/4/4/4/4,32,1,1053.71,0.67,1019.07,1053.04,2398.0,1019.0,6.24,,
grid,read,rr,chunked,32,4,4,1,2048,1073741824,1,0.6191,0.6114,0.6247,1734.2,32,8,4/4/4/4/4/4/4/4,32,1,620.39,0.83,601.78,619.6,2408.0,1730.8,-1.24,,
grid,read,rr,chunked,32,4,4,2,2048,1073741824,1,0.6263,0.6159,0.6294,1714.5,32,8,4/4/4/4/4/4/4/4,32,1,624.59,0.71,603.19,623.92,2391.0,1719.1,1.68,,
grid,read,rr,chunked,32,4,8,1,1024,1073741824,1,0.5816,0.575,0.5849,1846.0,32,8,4/4/4/4/4/4/4/4,32,1,577.43,0.83,558.44,576.64,2394.0,1859.5,4.22,,
grid,read,rr,chunked,32,4,8,2,1024,1073741824,1,0.587,0.5795,0.5918,1829.1,32,8,4/4/4/4/4/4/4/4,32,1,575.92,0.79,560.0,575.32,2402.0,1864.4,11.11,,
grid,read,rr,chunked,32,8,1,1,4096,1073741824,1,1.0194,1.0109,1.0271,1053.3,32,8,4/4/4/4/4/4/4/4,32,1,1020.83,0.74,991.5,1020.12,2401.0,1051.8,-1.4,,
grid,read,rr,chunked,32,8,1,2,4096,1073741824,1,1.0263,1.0078,1.0379,1046.2,32,8,4/4/4/4/4/4/4/4,32,1,1001.14,0.72,981.16,1001.08,2400.0,1072.5,25.17,,
grid,read,rr,chunked,32,8,2,1,2048,1073741824,1,0.6136,0.6062,0.6258,1750.0,32,8,4/4/4/4/4/4/4/4,32,1,602.48,0.87,583.94,601.76,2399.0,1782.2,11.09,,
grid,read,rr,chunked,32,8,2,2,2048,1073741824,1,0.605,0.6012,0.6132,1774.8,32,8,4/4/4/4/4/4/4/4,32,1,601.28,0.77,582.42,601.28,2399.0,1785.8,3.73,,
grid,read,rr,chunked,32,8,4,1,1024,1073741824,1,0.5917,0.5864,0.5978,1814.7,32,8,4/4/4/4/4/4/4/4,32,1,582.67,0.71,568.32,581.96,2400.0,1842.8,9.04,,
grid,read,rr,chunked,32,8,4,2,1024,1073741824,1,0.5881,0.5833,0.6021,1825.8,32,8,4/4/4/4/4/4/4/4,32,1,585.35,0.75,567.18,584.6,2407.0,1834.4,2.74,,
grid,read,rr,chunked,32,8,8,1,512,1073741824,1,0.5806,0.5732,0.5842,1849.4,32,8,4/4/4/4/4/4/4/4,32,1,576.59,0.83,563.47,576.0,2393.0,1862.2,4.0,,
grid,read,rr,chunked,32,8,8,2,512,1073741824,1,0.5782,0.5734,0.5861,1857.0,32,8,4/4/4/4/4/4/4/4,32,1,574.71,0.71,559.5,574.0,2402.0,1868.3,3.52,,
grid,read,rr,chunked,32,16,1,1,2048,1073741824,1,0.6001,0.595,0.6104,1789.4,32,8,4/4/4/4/4/4/4/4,32,1,591.15,0.79,574.76,590.4,2405.0,1816.4,8.92,,
grid,read,rr,chunked,32,16,1,2,2048,1073741824,1,0.6004,0.5947,0.6029,1788.4,32,8,4/4/4/4/4/4/4/4,32,1,590.83,0.67,575.22,590.16,2393.0,1817.3,9.58,,
grid,read,rr,chunked,32,16,2,1,1024,1073741824,1,0.6487,0.6452,0.6555,1655.2,32,8,4/4/4/4/4/4/4/4,32,1,644.7,0.83,631.75,644.32,2402.0,1665.5,4.03,,
grid,read,rr,chunked,32,16,2,2,1024,1073741824,1,0.6465,0.6418,0.6524,1660.9,32,8,4/4/4/4/4/4/4/4,32,1,648.52,0.71,631.2,647.88,2398.0,1655.7,-2.03,,
grid,read,rr,chunked,32,16,4,1,512,1073741824,1,0.5643,0.5625,0.5719,1902.8,32,8,4/4/4/4/4/4/4/4,32,1,558.64,0.79,545.71,557.92,2403.0,1922.1,5.65,,
grid,read,rr,chunked,32,16,4,2,512,1073741824,1,0.5626,0.5596,0.5699,1908.5,32,8,4/4/4/4/4/4/4/4,32,1,555.87,0.67,542.81,555.2,2392.0,1931.6,6.74,,
grid,read,rr,chunked,32,16,8,1,256,1073741824,1,0.5175,0.5162,0.5229,2074.8,32,8,4/4/4/4/4/4/4/4,32,1,512.64,0.79,502.68,512.16,2397.0,2094.5,4.88,,
grid,read,rr,chunked,32,16,8,2,256,1073741824,1,0.5204,0.5158,0.5245,2063.4,32,8,4/4/4/4/4/4/4/4,32,1,516.16,0.75,505.11,515.64,2404.0,2080.2,4.23,,
grid,read,rr,chunked,64,1,1,1,16384,1073741824,1,3.206,3.1866,3.2271,334.9,64,8,8/8/8/8/8/8/8/8,64,1,3215.67,0.64,3126.72,3215.64,2395.0,333.9,-9.66,,
grid,read,rr,chunked,64,1,1,2,16384,1073741824,1,3.2181,3.2068,3.2289,333.7,64,8,8/8/8/8/8/8/8/8,64,1,3203.04,0.79,3130.03,3202.52,2402.0,335.2,15.07,,
grid,read,rr,chunked,64,1,2,1,8192,1073741824,1,1.821,1.787,1.8705,589.7,64,8,8/8/8/8/8/8/8/8,64,1,1783.3,0.75,1733.36,1783.08,2398.0,602.1,37.68,,
grid,read,rr,chunked,64,1,2,2,8192,1073741824,1,1.7874,1.7816,1.8209,600.7,64,8,8/8/8/8/8/8/8/8,64,1,1811.39,0.71,1760.47,1810.68,2398.0,592.8,-23.99,,
grid,read,rr,chunked,64,1,4,1,4096,1073741824,1,1.0622,1.0488,1.0719,1010.9,64,8,8/8/8/8/8/8/8/8,64,1,1048.16,0.84,1030.89,1047.6,2400.0,1024.4,13.99,,
grid,read,rr,chunked,64,1,4,2,4096,1073741824,1,1.0477,1.0405,1.0542,1024.9,64,8,8/8/8/8/8/8/8/8,64,1,1047.61,0.81,1024.08,1046.84,2403.0,1024.9,0.04,,
grid,read,rr,chunked,64,1,8,1,2048,1073741824,1,0.7053,0.6994,0.7128,1522.4,64,8,8/8/8/8/8/8/8/8,64,1,702.5,0.83,687.02,702.2,2401.0,1528.5,2.79,,
grid,read,rr,chunked,64,1,8,2,2048,1073741824,1,0.7057,0.6955,0.7104,1521.5,64,8,8/8/8/8/8/8/8/8,64,1,702.11,0.79,687.78,701.6,2402.0,1529.3,3.62,,
grid,read,rr,chunked,64,2,1,1,8192,1073741824,1,1.7126,1.7069,1.7208,627.0,64,8,8/8/8/8/8/8/8/8,64,1,1707.11,0.8,1659.35,1706.44,2399.0,629.0,5.45,,
grid,read,rr,chunked,64,2,1,2,8192,1073741824,1,1.6986,1.6931,1.7046,632.1,64,8,8/8/8/8/8/8/8/8,64,1,1699.54,0.75,1654.25,1699.28,2400.0,631.8,-0.92,,
grid,read,rr,chunked,64,2,2,1,4096,1073741824,1,0.9675,0.9594,0.9718,1109.8,64,8,8/8/8/8/8/8/8/8,64,1,967.24,0.79,938.75,966.52,2411.0,1110.1,0.25,,
grid,read,rr,chunked,64,2,2,2,4096,1073741824,1,0.9641,0.9527,0.9674,1113.7,64,8,8/8/8/8/8/8/8/8,64,1,950.07,0.75,928.48,949.32,2397.0,1130.2,14.08,,
grid,read,rr,chunked,64,2,4,1,2048,1073741824,1,0.6161,0.611,0.6237,1742.7,64,8,8/8/8/8/8/8/8/8,64,1,617.19,0.83,595.77,616.36,2405.0,1739.7,-1.06,,
grid,read,rr,chunked,64,2,4,2,2048,1073741824,1,0.6101,0.6018,0.618,1759.9,64,8,8/8/8/8/8/8/8/8,64,1,598.28,0.68,582.33,597.68,2394.0,1794.7,11.85,,
grid,read,rr,chunked,64,2,8,1,1024,1073741824,1,0.3826,0.3804,0.3884,2806.6,64,8,8/8/8/8/8/8/8/8,64,1,379.83,0.79,366.91,379.08,2399.0,2826.9,2.75,,
grid,read,rr,chunked,64,2,8,2,1024,1073741824,1,0.3857,0.3807,0.3939,2783.7,64,8,8/8/8/8/8/8/8/8,64,1,390.32,0.67,373.49,389.76,2399.0,2750.9,-4.6,,
grid,read,rr,chunked,64,4,1,1,4096,1073741824,1,0.9202,0.9122,0.927,1166.8,64,8,8/8/8/8/8/8/8/8,64,1,916.48,0.71,888.99,915.88,2404.0,1171.6,3.75,,
grid,read,rr,chunked,64,4,1,2,4096,1073741824,1,0.9157,0.9124,0.9216,1172.6,64,8,8/8/8/8/8/8/8/8,64,1,917.39,0.75,889.04,916.72,2407.0,1170.4,-1.72,,
grid,read,rr,chunked,64,4,2,1,2048,1073741824,1,0.5477,0.5412,0.5515,1960.4,64,8,8/8/8/8/8/8/8/8,64,1,537.32,0.75,521.68,536.76,2403.0,1998.3,10.41,,
grid,read,rr,chunked,64,4,2,2,2048,1073741824,1,0.5469,0.5421,0.5553,1963.4,64,8,8/8/8/8/8/8/8/8,64,1,544.47,0.72,527.18,543.84,2404.0,1972.1,2.4,,
grid,read,rr,chunked,64,4,4,1,1024,1073741824,1,0.3328,0.3293,0.3346,3226.0,64,8,8/8/8/8/8/8/8/8,64,1,325.63,0.71,316.29,324.92,2389.0,3297.4,7.21,,
grid,read,rr,chunked,64,4,4,2,1024,1073741824,1,0.3347,0.329,0.3399,3208.2,64,8,8/8/8/8/8/8/8/8,64,1,325.44,0.8,316.01,324.68,2405.0,3299.4,9.24,,
grid,read,rr,chunked,64,4,8,1,512,1073741824,1,0.3201,0.3141,0.3242,3353.9,64,8,8/8/8/8/8/8/8/8,64,1,313.23,0.75,300.79,312.52,2389.0,3428.0,6.91,,
grid,read,rr,chunked,64,4,8,2,512,1073741824,1,0.3195,0.3133,0.3267,3360.4,64,8,8/8/8/8/8/8/8/8,64,1,309.6,0.8,301.28,308.8,2391.0,3468.2,9.92,,
grid,read,rr,chunked,64,8,1,1,2048,1073741824,1,0.5401,0.5345,0.5434,1988.2,64,8,8/8/8/8/8/8/8/8,64,1,530.68,0.75,511.52,530.04,2392.0,2023.3,9.39,,
grid,read,rr,chunked,64,8,1,2,2048,1073741824,1,0.5334,0.5301,0.5376,2012.9,64,8,8/8/8/8/8/8/8/8,64,1,526.44,0.64,508.88,525.8,2403.0,2039.6,6.99,,
grid,read,rr,chunked,64,8,2,1,1024,1073741824,1,0.3319,0.3277,0.3425,3234.9,64,8,8/8/8/8/8/8/8/8,64,1,327.71,0.87,313.11,326.84,2396.0,3276.5,4.21,,
grid,read,rr,chunked,64,8,2,2,1024,1073741824,1,0.3311,0.3274,0.3348,3242.5,64,8,8/8/8/8/8/8/8/8,64,1,328.76,0.71,316.36,328.16,2385.0,3266.0,2.38,,
grid,read,rr,chunked,64,8,4,1,512,1073741824,1,0.3279,0.3246,0.3327,3274.8,64,8,8/8/8/8/8/8/8/8,64,1,325.92,0.91,313.66,325.48,2395.0,3294.5,1.96,,
grid,read,rr,chunked,64,8,4,2,512,1073741824,1,0.3219,0.3199,0.3281,3335.8,64,8,8/8/8/8/8/8/8/8,64,1,317.48,0.83,304.74,316.96,2402.0,3382.1,4.4,,
grid,read,rr,chunked,64,8,8,1,256,1073741824,1,0.3235,0.3206,0.3281,3318.7,64,8,8/8/8/8/8/8/8/8,64,1,321.11,0.75,309.61,320.36,2402.0,3343.8,2.43,,
grid,read,rr,chunked,64,8,8,2,256,1073741824,1,0.322,0.3188,0.3259,3334.6,64,8,8/8/8/8/8/8/8/8,64,1,318.08,0.71,303.76,317.48,2395.0,3375.7,3.92,,
grid,read,rr,chunked,64,16,1,1,1024,1073741824,1,0.3284,0.3253,0.3346,3269.6,64,8,8/8/8/8/8/8/8/8,64,1,327.99,0.79,313.33,327.24,2407.0,3273.7,0.41,,
grid,read,rr,chunked,64,16,1,2,1024,1073741824,1,0.3307,0.3249,0.334,3246.5,64,8,8/8/8/8/8/8/8/8,64,1,323.27,0.75,310.89,322.56,2384.0,3321.5,7.47,,
grid,read,rr,chunked,64,16,2,1,512,1073741824,1,0.3587,0.3542,0.3635,2993.7,64,8,8/8/8/8/8/8/8/8,64,1,350.79,0.91,342.06,349.88,2402.0,3060.9,7.87,,
grid,read,rr,chunked,64,16,2,2,512,1073741824,1,0.3556,0.3517,0.3626,3019.2,64,8,8/8/8/8/8/8/8/8,64,1,348.12,0.76,340.65,347.44,2396.0,3084.4,7.52,,
grid,read,rr,chunked,64,16,4,1,256,1073741824,1,0.3104,0.3095,0.3163,3459.0,64,8,8/8/8/8/8/8/8/8,64,1,306.47,0.88,298.53,305.72,2402.0,3503.6,3.95,,
grid,read,rr,chunked,64,16,4,2,256,1073741824,1,0.3081,0.3066,0.3137,3485.0,64,8,8/8/8/8/8/8/8/8,64,1,308.91,0.75,296.38,308.2,2396.0,3475.9,-0.81,,
grid,read,rr,chunked,64,16,8,1,128,1073741824,1,0.2904,0.2868,0.2922,3697.4,64,8,8/8/8/8/8/8/8/8,64,1,285.35,0.95,275.92,284.44,2396.0,3762.9,5.05,,
grid,read,rr,chunked,64,16,8,2,128,1073741824,1,0.2895,0.2862,0.2928,3708.4,64,8,8/8/8/8/8/8/8/8,64,1,286.12,0.84,275.92,285.28,2405.0,3752.8,3.42,,
grid,write,rr,chunked,32,1,1,1,32768,1073741824,1,0.3302,0.3294,0.3315,3251.8,32,8,4/4/4/4/4/4/4/4,32,1,324.07,0.83,321.89,323.56,2391.0,3313.3,6.13,,
grid,write,rr,chunked,32,1,1,2,32768,1073741824,1,0.33,0.3294,0.3309,3254.1,32,8,4/4/4/4/4/4/4/4,32,1,323.78,0.83,321.18,323.12,2397.0,3316.3,6.18,,
grid,write,rr,chunked,32,1,2,1,16384,1073741824,1,0.2787,0.2778,0.28,3853.2,32,8,4/4/4/4/4/4/4/4,32,1,272.31,0.75,271.03,271.96,2388.0,3943.1,6.35,,
grid,write,rr,chunked,32,1,2,2,16384,1073741824,1,0.286,0.285,0.2882,3754.6,32,8,4/4/4/4/4/4/4/4,32,1,280.35,0.79,278.53,280.0,2387.0,3830.0,5.63,,
grid,write,rr,chunked,32,1,4,1,8192,1073741824,1,0.2535,0.2529,0.2556,4234.9,32,8,4/4/4/4/4/4/4/4,32,1,247.67,0.79,245.05,246.96,2389.0,4335.4,5.87,,
grid,write,rr,chunked,32,1,4,2,8192,1073741824,1,0.2591,0.2579,0.2616,4144.1,32,8,4/4/4/4/4/4/4/4,32,1,252.22,0.79,250.13,251.44,2391.0,4257.2,6.88,,
grid,write,rr,chunked,32,1,8,1,4096,1073741824,1,0.2429,0.2424,0.2455,4420.1,32,8,4/4/4/4/4/4/4/4,32,1,237.3,0.75,235.2,236.72,2392.0,4524.8,5.62,,
grid,write,rr,chunked,32,1,8,2,4096,1073741824,1,0.2411,0.2397,0.2447,4453.8,32,8,4/4/4/4/4/4/4/4,32,1,234.43,0.79,232.68,233.92,2386.0,4580.2,6.65,,
grid,write,rr,chunked,32,2,1,1,16384,1073741824,1,0.235,0.2343,0.2374,4569.8,32,8,4/4/4/4/4/4/4/4,32,1,230.51,0.84,227.22,229.72,2384.0,4658.1,4.45,,
grid,write,rr,chunked,32,2,1,2,16384,1073741824,1,0.2447,0.244,0.2497,4387.6,32,8,4/4/4/4/4/4/4/4,32,1,238.02,0.83,236.63,237.72,2387.0,4511.1,6.7,,
grid,write,rr,chunked,32,2,2,1,8192,1073741824,1,0.2389,0.2354,0.2403,4495.2,32,8,4/4/4/4/4/4/4/4,32,1,233.87,0.79,227.6,233.12,2391.0,4591.2,4.99,,
grid,write,rr,chunked,32,2,2,2,8192,1073741824,1,0.238,0.237,0.2401,4510.7,32,8,4/4/4/4/4/4/4/4,32,1,231.44,0.83,228.2,230.96,2391.0,4639.4,6.6,,
grid,write,rr,chunked,32,2,4,1,4096,1073741824,1,0.2449,0.2406,0.2464,4384.4,32,8,4/4/4/4/4/4/4/4,32,1,239.64,0.79,234.84,239.16,2396.0,4480.6,5.26,,
grid,write,rr,chunked,32,2,4,2,4096,1073741824,1,0.2421,0.2398,0.2468,4435.4,32,8,4/4/4/4/4/4/4/4,32,1,235.31,0.71,229.23,234.76,2391.0,4563.1,6.77,,
grid,write,rr,chunked,32,2,8,1,2048,1073741824,1,0.2483,0.2466,0.2526,4324.7,32,8,4/4/4/4/4/4/4/4,32,1,241.67,0.87,236.23,241.32,2391.0,4443.0,6.61,,
grid,write,rr,chunked,32,2,8,2,2048,1073741824,1,0.2484,0.2456,0.2509,4323.3,32,8,4/4/4/4/4/4/4/4,32,1,243.51,0.68,235.81,243.0,2391.0,4409.4,4.85,,
grid,write,rr,chunked,32,4,1,1,8192,1073741824,1,0.2416,0.2396,0.243,4444.6,32,8,4/4/4/4/4/4/4/4,32,1,236.04,0.71,230.23,236.04,2382.0,4549.0,5.54,,
grid,write,rr,chunked,32,4,1,2,8192,1073741824,1,0.2414,0.239,0.2451,4447.2,32,8,4/4/4/4/4/4/4/4,32,1,237.32,0.79,232.71,237.32,2387.0,4524.4,4.12,,
grid,write,rr,chunked,32,4,2,1,4096,1073741824,1,0.2456,0.244,0.2466,4372.2,32,8,4/4/4/4/4/4/4/4,32,1,239.36,0.75,233.64,238.76,2390.0,4485.9,6.22,,
grid,write,rr,chunked,32,4,2,2,4096,1073741824,1,0.2444,0.2427,0.2467,4394.1,32,8,4/4/4/4/4/4/4/4,32,1,237.42,0.79,231.96,236.92,2397.0,4522.5,6.94,,
grid,write,rr,chunked,32,4,4,1,2048,1073741824,1,0.2612,0.2578,0.263,4110.1,32,8,4/4/4/4/4/4/4/4,32,1,255.52,0.71,242.99,255.52,2399.0,4202.2,5.72,,
grid,write,rr,chunked,32,4,4,2,2048,1073741824,1,0.2663,0.2619,0.2697,4032.6,32,8,4/4/4/4/4/4/4/4,32,1,256.95,0.76,243.87,256.24,2391.0,4178.8,9.31,,
grid,write,rr,chunked,32,4,8,1,1024,1073741824,1,0.2892,0.284,0.2934,3712.5,32,8,4/4/4/4/4/4/4/4,32,1,279.16,0.75,268.67,278.56,2388.0,3846.3,10.06,,
grid,write,rr,chunked,32,4,8,2,1024,1073741824,1,0.29,0.2869,0.2954,3702.3,32,8,4/4/4/4/4/4/4/4,32,1,281.22,0.7,272.71,280.6,2398.0,3818.2,8.8,,
grid,write,rr,chunked,32,8,1,1,4096,1073741824,1,0.2404,0.2379,0.244,4466.1,32,8,4/4/4/4/4/4/4/4,32,1,234.39,0.74,230.69,233.68,2390.0,4581.0,6.03,,
grid,write,rr,chunked,32,8,1,2,4096,1073741824,1,0.2431,0.241,0.2449,4417.5,32,8,4/4/4/4/4/4/4/4,32,1,237.83,0.68,234.13,237.32,2390.0,4514.7,5.23,,
grid,write,rr,chunked,32,8,2,1,2048,1073741824,1,0.243,0.241,0.2474,4419.4,32,8,4/4/4/4/4/4/4/4,32,1,235.19,0.71,231.47,234.56,2385.0,4565.4,7.77,,
grid,write,rr,chunked,32,8,2,2,2048,1073741824,1,0.2473,0.245,0.2514,4341.8,32,8,4/4/4/4/4/4/4/4,32,1,239.39,0.75,235.47,238.8,2392.0,4485.3,7.91,,
grid,write,rr,chunked,32,8,4,1,1024,1073741824,1,0.2641,0.2615,0.2655,4066.2,32,8,4/4/4/4/4/4/4/4,32,1,258.39,0.79,247.91,257.68,2391.0,4155.5,5.67,,
grid,write,rr,chunked,32,8,4,2,1024,1073741824,1,0.2595,0.2572,0.2621,4138.0,32,8,4/4/4/4/4/4/4/4,32,1,253.76,0.79,241.69,253.08,2390.0,4231.3,5.72,,
grid,write,rr,chunked,32,8,8,1,512,1073741824,1,0.2849,0.2827,0.2874,3769.1,32,8,4/4/4/4/4/4/4/4,32,1,279.6,0.74,270.62,279.0,2386.0,3840.3,5.28,,
grid,write,rr,chunked,32,8,8,2,512,1073741824,1,0.2798,0.2774,0.2856,3837.8,32,8,4/4/4/4/4/4/4/4,32,1,272.06,0.71,260.6,271.52,2389.0,3946.7,7.72,,
grid,write,rr,chunked,32,16,1,1,2048,1073741824,1,0.2361,0.2347,0.2388,4547.0,32,8,4/4/4/4/4/4/4/4,32,1,230.19,0.7,226.34,229.76,2388.0,4664.6,5.95,,
grid,write,rr,chunked,32,16,1,2,2048,1073741824,1,0.2381,0.2362,0.2428,4508.8,32,8,4/4/4/4/4/4/4/4,32,1,230.44,0.71,227.02,229.84,2407.0,4659.5,7.7,,
grid,write,rr,chunked,32,16,2,1,1024,1073741824,1,0.2441,0.2414,0.2457,4399.5,32,8,4/4/4/4/4/4/4/4,32,1,236.12,0.79,229.93,235.44,2383.0,4547.4,7.94,,
grid,write,rr,chunked,32,16,2,2,1024,1073741824,1,0.2432,0.2391,0.2456,4415.7,32,8,4/4/4/4/4/4/4/4,32,1,233.43,0.71,229.35,233.04,2389.0,4599.8,9.73,,
grid,write,rr,chunked,32,16,4,1,512,1073741824,1,0.2639,0.2619,0.2662,4068.7,32,8,4/4/4/4/4/4/4/4,32,1,257.75,0.74,244.42,257.48,2391.0,4165.8,6.15,,
grid,write,rr,chunked,32,16,4,2,512,1073741824,1,0.2563,0.2535,0.2638,4189.3,32,8,4/4/4/4/4/4/4/4,32,1,247.79,0.67,237.83,247.4,2393.0,4333.3,8.51,,
grid,write,rr,chunked,32,16,8,1,256,1073741824,1,0.278,0.274,0.2826,3862.3,32,8,4/4/4/4/4/4/4/4,32,1,270.83,0.66,261.55,270.36,2390.0,3964.6,7.17,,
grid,write,rr,chunked,32,16,8,2,256,1073741824,1,0.2758,0.2745,0.2786,3893.7,32,8,4/4/4/4/4/4/4/4,32,1,269.35,0.71,257.59,268.64,2389.0,3986.4,6.41,,
grid,write,rr,chunked,64,1,1,1,16384,1073741824,1,0.1975,0.1956,0.1992,5436.1,64,8,8/8/8/8/8/8/8/8,64,1,193.59,0.83,170.0,193.12,2376.0,5546.5,3.93,,
grid,write,rr,chunked,64,1,1,2,16384,1073741824,1,0.1981,0.1972,0.2013,5421.2,64,8,8/8/8/8/8/8/8/8,64,1,194.19,0.83,170.21,193.8,2373.0,5529.3,3.87,,
grid,write,rr,chunked,64,1,2,1,8192,1073741824,1,0.1823,0.1798,0.1856,5890.6,64,8,8/8/8/8/8/8/8/8,64,1,176.67,0.71,149.16,176.24,2364.0,6077.7,5.61,,
grid,write,rr,chunked,64,1,2,2,8192,1073741824,1,0.1839,0.1813,0.1862,5837.4,64,8,8/8/8/8/8/8/8/8,64,1,178.75,0.79,151.81,178.44,2362.0,6006.9,5.19,,
grid,write,rr,chunked,64,1,4,1,4096,1073741824,1,0.1822,0.1784,0.185,5893.1,64,8,8/8/8/8/8/8/8/8,64,1,179.48,0.84,142.98,179.0,2350.0,5982.5,2.72,,
grid,write,rr,chunked,64,1,4,2,4096,1073741824,1,0.1808,0.1764,0.1844,5937.5,64,8,8/8/8/8/8/8/8/8,64,1,177.79,0.75,142.02,177.4,2348.0,6039.4,3.05,,
grid,write,rr,chunked,64,1,8,1,2048,1073741824,1,0.1753,0.1733,0.1771,6124.4,64,8,8/8/8/8/8/8/8/8,64,1,169.52,0.83,145.06,169.0,2349.0,6334.0,5.8,,
grid,write,rr,chunked,64,1,8,2,2048,1073741824,1,0.1775,0.1725,0.1966,6049.9,64,8,8/8/8/8/8/8/8/8,64,1,170.32,0.79,144.61,169.84,2349.0,6304.3,7.16,,
grid,write,rr,chunked,64,2,1,1,8192,1073741824,1,0.1808,0.1774,0.1834,5939.4,64,8,8/8/8/8/8/8/8/8,64,1,171.84,0.83,148.84,171.44,2351.0,6248.5,8.94,,
grid,write,rr,chunked,64,2,1,2,8192,1073741824,1,0.1801,0.1753,0.1829,5962.5,64,8,8/8/8/8/8/8/8/8,64,1,169.27,0.75,148.22,168.88,2350.0,6343.4,10.81,,
grid,write,rr,chunked,64,2,2,1,4096,1073741824,1,0.1785,0.1753,0.1806,6015.3,64,8,8/8/8/8/8/8/8/8,64,1,171.71,0.79,144.75,171.24,2350.0,6253.2,6.79,,
grid,write,rr,chunked,64,2,2,2,4096,1073741824,1,0.1791,0.1744,0.182,5993.8,64,8,8/8/8/8/8/8/8/8,64,1,173.48,0.82,145.54,172.88,2346.0,6189.4,5.66,,
grid,write,rr,chunked,64,2,4,1,2048,1073741824,1,0.1811,0.1764,0.1822,5930.2,64,8,8/8/8/8/8/8/8/8,64,1,170.59,0.82,150.8,170.12,2351.0,6294.3,10.47,,
grid,write,rr,chunked,64,2,4,2,2048,1073741824,1,0.1786,0.1759,0.1808,6013.3,64,8,8/8/8/8/8/8/8/8,64,1,175.12,0.79,146.03,174.64,2347.0,6131.5,3.44,,
grid,write,rr,chunked,64,2,8,1,1024,1073741824,1,0.1819,0.1764,0.1841,5903.5,64,8,8/8/8/8/8/8/8/8,64,1,177.68,0.8,147.64,177.16,2343.0,6043.1,4.2,,
grid,write,rr,chunked,64,2,8,2,1024,1073741824,1,0.1797,0.1744,0.1824,5974.5,64,8,8/8/8/8/8/8/8/8,64,1,175.23,0.74,147.52,174.6,2344.0,6127.6,4.49,,
grid,write,rr,chunked,64,4,1,1,4096,1073741824,1,0.183,0.179,0.1896,5868.0,64,8,8/8/8/8/8/8/8/8,64,1,175.76,0.79,146.87,175.04,2343.0,6109.1,7.22,,
grid,write,rr,chunked,64,4,1,2,4096,1073741824,1,0.184,0.1804,0.1863,5834.2,64,8,8/8/8/8/8/8/8/8,64,1,180.6,0.82,152.86,179.92,2345.0,5945.4,3.44,,
grid,write,rr,chunked,64,4,2,1,2048,1073741824,1,0.1813,0.1778,0.1859,5922.4,64,8,8/8/8/8/8/8/8/8,64,1,175.48,0.75,149.55,174.84,2346.0,6118.9,5.82,,
grid,write,rr,chunked,64,4,2,2,2048,1073741824,1,0.1819,0.1787,0.1842,5902.9,64,8,8/8/8/8/8/8/8/8,64,1,177.59,0.76,149.4,177.12,2344.0,6046.2,4.31,,
grid,write,rr,chunked,64,4,4,1,1024,1073741824,1,0.1872,0.184,0.1903,5735.1,64,8,8/8/8/8/8/8/8/8,64,1,178.59,0.76,154.93,178.04,2346.0,6012.3,8.63,,
grid,write,rr,chunked,64,4,4,2,1024,1073741824,1,0.1878,0.1855,0.1899,5717.4,64,8,8/8/8/8/8/8/8/8,64,1,184.52,0.76,154.99,183.96,2342.0,5819.1,3.28,,
grid,write,rr,chunked,64,4,8,1,512,1073741824,1,0.1966,0.1926,0.1978,5460.4,64,8,8/8/8/8/8/8/8/8,64,1,189.99,0.76,160.19,189.4,2350.0,5651.6,6.65,,
grid,write,rr,chunked,64,4,8,2,512,1073741824,1,0.1952,0.193,0.1984,5501.2,64,8,8/8/8/8/8/8/8/8,64,1,192.63,0.7,164.59,192.08,2348.0,5574.1,2.55,,
grid,write,rr,chunked,64,8,1,1,2048,1073741824,1,0.2003,0.1919,0.2044,5360.6,64,8,8/8/8/8/8/8/8/8,64,1,189.75,0.79,172.65,189.24,2374.0,5658.7,10.55,,
grid,write,rr,chunked,64,8,1,2,2048,1073741824,1,0.1983,0.1936,0.2026,5414.7,64,8,8/8/8/8/8/8/8/8,64,1,192.27,0.75,172.51,191.8,2382.0,5584.6,6.03,,
grid,write,rr,chunked,64,8,2,1,1024,1073741824,1,0.1965,0.1921,0.2048,5463.2,64,8,8/8/8/8/8/8/8/8,64,1,190.59,0.71,176.01,190.0,2379.0,5633.8,5.95,,
grid,write,rr,chunked,64,8,2,2,1024,1073741824,1,0.1995,0.1961,0.2038,5381.6,64,8,8/8/8/8/8/8/8/8,64,1,197.46,0.74,170.38,196.72,2383.0,5437.8,2.06,,
grid,write,rr,chunked,64,8,4,1,512,1073741824,1,0.1982,0.1943,0.2009,5416.3,64,8,8/8/8/8/8/8/8/8,64,1,191.75,0.83,172.66,191.0,2385.0,5599.7,6.49,,
grid,write,rr,chunked,64,8,4,2,512,1073741824,1,0.1967,0.1941,0.2026,5459.8,64,8,8/8/8/8/8/8/8/8,64,1,188.99,0.75,174.47,188.56,2384.0,5681.5,7.67,,
grid,write,rr,chunked,64,8,8,1,256,1073741824,1,0.1944,0.1882,0.1987,5523.3,64,8,8/8/8/8/8/8/8/8,64,1,185.63,0.83,169.6,185.08,2362.0,5784.3,8.77,,
grid,write,rr,chunked,64,8,8,2,256,1073741824,1,0.1952,0.1884,0.1993,5501.8,64,8,8/8/8/8/8/8/8/8,64,1,186.39,0.75,168.93,185.96,2363.0,5760.7,8.77,,
grid,write,rr,chunked,64,16,1,1,1024,1073741824,1,0.1748,0.1724,0.1766,6141.9,64,8,8/8/8/8/8/8/8/8,64,1,169.83,0.8,154.81,169.32,2359.0,6322.5,4.99,,
grid,write,rr,chunked,64,16,1,2,1024,1073741824,1,0.1748,0.1723,0.177,6141.2,64,8,8/8/8/8/8/8/8/8,64,1,169.39,0.8,156.45,168.8,2359.0,6338.9,5.45,,
grid,write,rr,chunked,64,16,2,1,512,1073741824,1,0.183,0.1784,0.1859,5866.7,64,8,8/8/8/8/8/8/8/8,64,1,178.95,0.79,162.41,178.4,2345.0,6000.2,4.07,,
grid,write,rr,chunked,64,16,2,2,512,1073741824,1,0.1772,0.1718,0.1821,6059.4,64,8,8/8/8/8/8/8/8/8,64,1,167.83,0.79,156.71,167.36,2346.0,6397.8,9.37,,
grid,write,rr,chunked,64,16,4,1,256,1073741824,1,0.1835,0.18,0.1921,5850.1,64,8,8/8/8/8/8/8/8/8,64,1,176.6,0.8,162.75,176.56,2347.0,6080.1,6.94,,
grid,write,rr,chunked,64,16,4,2,256,1073741824,1,0.1769,0.1731,0.1807,6069.7,64,8,8/8/8/8/8/8/8/8,64,1,174.61,0.82,159.26,174.48,2345.0,6149.4,2.29,,
grid,write,rr,chunked,64,16,8,1,128,1073741824,1,0.1823,0.18,0.1866,5891.2,64,8,8/8/8/8/8/8/8/8,64,1,173.78,0.66,161.55,173.72,2346.0,6178.7,8.48,,
grid,write,rr,chunked,64,16,8,2,128,1073741824,1,0.1834,0.1732,0.186,5855.9,64,8,8/8/8/8/8/8/8/8,64,1,167.27,0.75,158.45,166.64,2343.0,6419.2,16.09,,
grid,copy,rr,chunked,32,1,1,1,32768,2147483648,1,7.162,7.1351,7.1922,299.8,32,8,4/4/4/4/4/4/4/4,32,1,7155.04,0.74,6977.68,7154.4,2398.0,300.1,6.95,,
grid,copy,rr,chunked,32,1,1,2,32768,2147483648,1,7.1701,7.1338,7.2118,299.5,32,8,4/4/4/4/4/4/4/4,32,1,7168.8,0.67,6985.19,7168.2,2397.0,299.6,1.27,,
grid,copy,rr,chunked,32,1,2,1,16384,2147483648,1,4.314,4.2956,4.3608,497.8,32,8,4/4/4/4/4/4/4/4,32,1,4320.9,0.78,4216.12,4320.2,2398.0,497.0,-6.9,,
grid,copy,rr,chunked,32,1,2,2,16384,2147483648,1,4.2569,4.2105,4.2793,504.5,32,8,4/4/4/4/4/4/4/4,32,1,4234.03,0.71,4163.76,4233.32,2397.0,507.2,22.89,,
grid,copy,rr,chunked,32,1,4,1,8192,2147483648,1,2.6848,2.6557,2.6971,799.9,32,8,4/4/4/4/4/4/4/4,32,1,2663.45,0.68,2624.79,2663.2,2403.0,806.3,21.4,,
grid,copy,rr,chunked,32,1,4,2,8192,2147483648,1,2.6483,2.6277,2.6605,810.9,32,8,4/4/4/4/4/4/4/4,32,1,2650.91,0.71,2609.49,2650.2,2397.0,810.1,-2.62,,
grid,copy,rr,chunked,32,1,8,1,4096,2147483648,1,1.6051,1.5875,1.6127,1337.9,32,8,4/4/4/4/4/4/4/4,32,1,1594.12,0.7,1566.45,1593.56,2402.0,1347.1,11.0,,
grid,copy,rr,chunked,32,1,8,2,4096,2147483648,1,1.5992,1.5909,1.6063,1342.9,32,8,4/4/4/4/4/4/4/4,32,1,1594.26,0.72,1564.32,1593.76,2399.0,1347.0,4.9,,
grid,copy,rr,chunked,32,2,1,1,16384,2147483648,1,3.9447,3.9314,3.961,544.4,32,8,4/4/4/4/4/4/4/4,32,1,3927.64,0.71,3860.84,3927.0,2396.0,546.8,17.1,,
grid,copy,rr,chunked,32,2,1,2,16384,2147483648,1,3.9445,3.9388,3.9572,544.4,32,8,4/4/4/4/4/4/4/4,32,1,3937.19,0.71,3869.33,3936.48,2398.0,545.4,7.35,,
grid,copy,rr,chunked,32,2,2,1,8192,2147483648,1,2.4001,2.3863,2.4097,894.8,32,8,4/4/4/4/4/4/4/4,32,1,2393.51,0.74,2348.12,2392.8,2395.0,897.2,6.58,,
grid,copy,rr,chunked,32,2,2,2,8192,2147483648,1,2.3759,2.3683,2.3871,903.9,32,8,4/4/4/4/4/4/4/4,32,1,2363.84,0.67,2326.0,2363.28,2395.0,908.5,12.02,,
grid,copy,rr,chunked,32,2,4,1,4096,2147483648,1,1.5154,1.5065,1.5261,1417.1,32,8,4/4/4/4/4/4/4/4,32,1,1503.87,0.75,1476.71,1503.12,2398.0,1428.0,11.51,,
grid,copy,rr,chunked,32,2,4,2,4096,2147483648,1,1.5146,1.5057,1.5275,1417.8,32,8,4/4/4/4/4/4/4/4,32,1,1510.39,0.76,1475.64,1509.72,2398.0,1421.8,4.23,,
grid,copy,rr,chunked,32,2,8,1,2048,2147483648,1,1.3146,1.2981,1.3346,1633.6,32,8,4/4/4/4/4/4/4/4,32,1,1315.79,0.74,1284.74,1315.08,2404.0,1632.1,-1.22,,
grid,copy,rr,chunked,32,2,8,2,2048,2147483648,1,1.3132,1.3065,1.3275,1635.4,32,8,4/4/4/4/4/4/4/4,32,1,1323.2,0.72,1292.14,1322.56,2396.0,1622.9,-10.05,,
grid,copy,rr,chunked,32,4,1,1,8192,2147483648,1,2.1991,2.1908,2.2107,976.5,32,8,4/4/4/4/4/4/4/4,32,1,2201.04,0.71,2152.65,2200.4,2396.0,975.7,-1.92,,
grid,copy,rr,chunked,32,4,1,2,8192,2147483648,1,2.1998,2.1909,2.2067,976.2,32,8,4/4/4/4/4/4/4/4,32,1,2202.04,0.72,2151.85,2201.4,2397.0,975.2,-2.28,,
grid,copy,rr,chunked,32,4,2,1,4096,2147483648,1,1.4302,1.421,1.4427,1501.6,32,8,4/4/4/4/4/4/4/4,32,1,1419.76,0.88,1391.27,1419.12,2397.0,1512.6,10.39,,
grid,copy,rr,chunked,32,4,2,2,4096,2147483648,1,1.4364,1.4277,1.4464,1495.1,32,8,4/4/4/4/4/4/4/4,32,1,1431.03,0.76,1398.59,1430.28,2396.0,1500.7,5.36,,
grid,copy,rr,chunked,32,4,4,1,2048,2147483648,1,1.3272,1.3212,1.3353,1618.1,32,8,4/4/4/4/4/4/4/4,32,1,1325.08,0.71,1296.97,1324.4,2409.0,1620.6,2.07,,
grid,copy,rr,chunked,32,4,4,2,2048,2147483648,1,1.328,1.3166,1.3409,1617.1,32,8,4/4/4/4/4/4/4/4,32,1,1314.8,0.72,1291.01,1314.2,2399.0,1633.3,13.21,,
grid,copy,rr,chunked,32,4,8,1,1024,2147483648,1,1.2227,1.2111,1.2401,1756.4,32,8,4/4/4/4/4/4/4/4,32,1,1227.55,0.83,1196.56,1226.76,2399.0,1749.4,-4.9,,
grid,copy,rr,chunked,32,4,8,2,1024,2147483648,1,1.2472,1.2353,1.2562,1721.8,32,8,4/4/4/4/4/4/4/4,32,1,1245.99,0.72,1213.31,1245.32,2401.0,1723.5,1.24,,
grid,copy,rr,chunked,32,8,1,1,4096,2147483648,1,1.3975,1.3884,1.4105,1536.7,32,8,4/4/4/4/4/4/4/4,32,1,1397.09,0.73,1363.73,1397.0,2394.0,1537.1,0.36,,
grid,copy,rr,chunked,32,8,1,2,4096,2147483648,1,1.4047,1.3928,1.418,1528.8,32,8,4/4/4/4/4/4/4/4,32,1,1406.07,0.71,1370.63,1405.36,2400.0,1527.3,-1.41,,
grid,copy,rr,chunked,32,8,2,1,2048,2147483648,1,1.3626,1.3523,1.3771,1576.1,32,8,4/4/4/4/4/4/4/4,32,1,1363.16,0.87,1327.28,1362.64,2395.0,1575.4,-0.61,,
grid,copy,rr,chunked,32,8,2,2,2048,2147483648,1,1.38,1.3743,1.3916,1556.1,32,8,4/4/4/4/4/4/4/4,32,1,1375.03,0.79,1355.25,1374.24,2394.0,1561.8,4.98,,
grid,copy,rr,chunked,32,8,4,1,1024,2147483648,1,1.4226,1.4129,1.4263,1509.6,32,8,4/4/4/4/4/4/4/4,32,1,1409.42,0.79,1394.59,1408.8,2399.0,1523.7,13.13,,
grid,copy,rr,chunked,32,8,4,2,1024,2147483648,1,1.4144,1.3994,1.4179,1518.3,32,8,4/4/4/4/4/4/4/4,32,1,1409.57,0.65,1394.28,1409.52,2400.0,1523.5,4.85,,
grid,copy,rr,chunked,32,8,8,1,512,2147483648,1,1.2296,1.2239,1.2338,1746.5,32,8,4/4/4/4/4/4/4/4,32,1,1224.11,0.83,1213.52,1223.32,2394.0,1754.3,5.5,,
grid,copy,rr,chunked,32,8,8,2,512,2147483648,1,1.229,1.2234,1.2325,1747.4,32,8,4/4/4/4/4/4/4/4,32,1,1226.84,0.83,1215.7,1226.04,2395.0,1750.4,2.13,,
grid,copy,rr,chunked,32,16,1,1,2048,2147483648,1,1.4532,1.4357,1.461,1477.8,32,8,4/4/4/4/4/4/4/4,32,1,1446.8,0.83,1419.01,1446.32,2396.0,1484.3,6.35,,
grid,copy,rr,chunked,32,16,1,2,2048,2147483648,1,1.4565,1.4398,1.4662,1474.5,32,8,4/4/4/4/4/4/4/4,32,1,1449.26,0.75,1422.62,1448.88,2398.0,1481.8,7.19,,
grid,copy,rr,chunked,32,16,2,1,1024,2147483648,1,1.4099,1.3968,1.4148,1523.2,32,8,4/4/4/4/4/4/4/4,32,1,1391.88,0.83,1367.05,1391.52,2403.0,1542.9,17.99,,
grid,copy,rr,chunked,32,16,2,2,1024,2147483648,1,1.4076,1.3985,1.4249,1525.6,32,8,4/4/4/4/4/4/4/4,32,1,1401.87,0.79,1379.48,1401.08,2396.0,1531.9,5.72,,
grid,copy,rr,chunked,32,16,4,1,512,2147483648,1,1.2456,1.2391,1.2539,1724.0,32,8,4/4/4/4/4/4/4/4,32,1,1248.92,0.8,1233.82,1248.48,2402.0,1719.5,-3.29,,
grid,copy,rr,chunked,32,16,4,2,512,2147483648,1,1.2412,1.2335,1.2464,1730.2,32,8,4/4/4/4/4/4/4/4,32,1,1241.8,0.79,1226.39,1241.8,2396.0,1729.3,-0.65,,
grid,copy,rr,chunked,32,16,8,1,256,2147483648,1,1.1251,1.1095,1.1577,1908.7,32,8,4/4/4/4/4/4/4/4,32,1,1115.07,0.84,1094.51,1114.32,2414.0,1925.9,10.04,,
grid,copy,rr,chunked,32,16,8,2,256,2147483648,1,1.1123,1.1003,1.1364,1930.6,32,8,4/4/4/4/4/4/4/4,32,1,1115.51,0.79,1095.43,1114.72,2397.0,1925.1,-3.2,,
grid,copy,rr,chunked,64,1,1,1,16384,2147483648,1,3.7105,3.6869,3.7379,578.8,64,8,8/8/8/8/8/8/8/8,64,1,3682.47,0.71,3601.79,3681.76,2401.0,583.2,28.03,,
grid,copy,rr,chunked,64,1,1,2,16384,2147483648,1,3.7263,3.6967,3.761,576.3,64,8,8/8/8/8/8/8/8/8,64,1,3717.6,0.67,3633.15,3717.0,2403.0,577.7,8.74,,
grid,copy,rr,chunked,64,1,2,1,8192,2147483648,1,2.3768,2.3587,2.4005,903.5,64,8,8/8/8/8/8/8/8/8,64,1,2351.36,0.63,2300.51,2350.8,2395.0,913.3,25.41,,
grid,copy,rr,chunked,64,1,2,2,8192,2147483648,1,2.3355,2.3147,2.3609,919.5,64,8,8/8/8/8/8/8/8/8,64,1,2326.08,0.74,2275.98,2325.44,2408.0,923.2,9.46,,
grid,copy,rr,chunked,64,1,4,1,4096,2147483648,1,1.4737,1.4673,1.4776,1457.2,64,8,8/8/8/8/8/8/8/8,64,1,1469.9,0.74,1445.7,1469.16,2405.0,1461.0,3.78,,
grid,copy,rr,chunked,64,1,4,2,4096,2147483648,1,1.4734,1.4663,1.4789,1457.5,64,8,8/8/8/8/8/8/8/8,64,1,1468.0,0.71,1445.0,1467.48,2405.0,1462.9,5.41,,
grid,copy,rr,chunked,64,1,8,1,2048,2147483648,1,0.8969,0.8874,0.9049,2394.3,64,8,8/8/8/8/8/8/8/8,64,1,883.19,0.75,866.84,882.44,2408.0,2431.5,13.72,,
grid,copy,rr,chunked,64,1,8,2,2048,2147483648,1,0.8988,0.8863,0.9042,2389.3,64,8,8/8/8/8/8/8/8/8,64,1,895.92,0.68,876.25,895.36,2395.0,2397.0,2.89,,
grid,copy,rr,chunked,64,2,1,1,8192,2147483648,1,2.0999,2.0945,2.1136,1022.7,64,8,8/8/8/8/8/8/8/8,64,1,2094.98,0.79,2052.39,2094.32,2409.0,1025.1,4.9,,
grid,copy,rr,chunked,64,2,1,2,8192,2147483648,1,2.1037,2.0989,2.1133,1020.8,64,8,8/8/8/8/8/8/8/8,64,1,2109.04,0.7,2060.84,2108.52,2398.0,1018.2,-5.38,,
grid,copy,rr,chunked,64,2,2,1,4096,2147483648,1,1.3559,1.3406,1.3587,1583.9,64,8,8/8/8/8/8/8/8/8,64,1,1336.24,0.79,1313.11,1335.56,2398.0,1607.1,19.61,,
grid,copy,rr,chunked,64,2,2,2,4096,2147483648,1,1.3436,1.3354,1.3487,1598.3,64,8,8/8/8/8/8/8/8/8,64,1,1331.08,0.68,1307.99,1330.52,2403.0,1613.3,12.53,,
grid,copy,rr,chunked,64,2,4,1,2048,2147483648,1,0.884,0.8788,0.891,2429.3,64,8,8/8/8/8/8/8/8/8,64,1,878.83,0.67,860.9,878.16,2391.0,2443.6,5.18,,
grid,copy,rr,chunked,64,2,4,2,2048,2147483648,1,0.8911,0.8849,0.9008,2410.0,64,8,8/8/8/8/8/8/8/8,64,1,888.44,0.71,867.01,887.8,2401.0,2417.1,2.63,,
grid,copy,rr,chunked,64,2,8,1,1024,2147483648,1,0.7982,0.7867,0.8089,2690.5,64,8,8/8/8/8/8/8/8/8,64,1,783.3,0.71,764.94,782.64,2399.0,2741.6,14.87,,
grid,copy,rr,chunked,64,2,8,2,1024,2147483648,1,0.7935,0.7841,0.7978,2706.4,64,8,8/8/8/8/8/8/8/8,64,1,789.39,0.67,769.08,788.72,2391.0,2720.4,4.1,,
grid,copy,rr,chunked,64,4,1,1,4096,2147483648,1,1.268,1.2611,1.2713,1693.6,64,8,8/8/8/8/8/8/8/8,64,1,1257.88,0.75,1234.34,1257.24,2396.0,1707.2,10.09,,
grid,copy,rr,chunked,64,4,1,2,4096,2147483648,1,1.2682,1.2623,1.2763,1693.4,64,8,8/8/8/8/8/8/8/8,64,1,1263.22,0.71,1236.26,1262.68,2405.0,1700.0,4.93,,
grid,copy,rr,chunked,64,4,2,1,2048,2147483648,1,0.862,0.8485,0.873,2491.3,64,8,8/8/8/8/8/8/8/8,64,1,860.96,0.83,831.51,860.48,2400.0,2494.3,1.05,,
grid,copy,rr,chunked,64,4,2,2,2048,2147483648,1,0.8639,0.8568,0.8765,2485.7,64,8,8/8/8/8/8/8/8/8,64,1,855.59,0.8,834.91,854.84,2402.0,2509.9,8.36,,
grid,copy,rr,chunked,64,4,4,1,1024,2147483648,1,0.809,0.8028,0.8182,2654.4,64,8,8/8/8/8/8/8/8/8,64,1,806.36,0.75,783.61,805.72,2395.0,2663.2,2.67,,
grid,copy,rr,chunked,64,4,4,2,1024,2147483648,1,0.8074,0.7996,0.8158,2659.8,64,8,8/8/8/8/8/8/8/8,64,1,797.75,0.72,774.47,797.04,2411.0,2691.9,9.64,,
grid,copy,rr,chunked,64,4,8,1,512,2147483648,1,0.7501,0.7428,0.7562,2862.7,64,8,8/8/8/8/8/8/8/8,64,1,744.48,0.84,721.39,743.64,2394.0,2884.5,5.67,,
grid,copy,rr,chunked,64,4,8,2,512,2147483648,1,0.7714,0.7573,0.7757,2784.0,64,8,8/8/8/8/8/8/8/8,64,1,762.91,0.71,727.39,762.4,2392.0,2814.9,8.46,,
grid,copy,rr,chunked,64,8,1,1,2048,2147483648,1,0.8529,0.8443,0.8556,2517.8,64,8,8/8/8/8/8/8/8/8,64,1,839.36,0.76,813.58,838.6,2406.0,2558.5,13.55,,
grid,copy,rr,chunked,64,8,1,2,2048,2147483648,1,0.8521,0.8374,0.8609,2520.2,64,8,8/8/8/8/8/8/8/8,64,1,856.28,0.75,824.77,855.56,2391.0,2507.9,-4.17,,
grid,copy,rr,chunked,64,8,2,1,1024,2147483648,1,0.8385,0.8226,0.8419,2561.1,64,8,8/8/8/8/8/8/8/8,64,1,832.56,0.87,791.87,832.52,2394.0,2579.4,5.93,,
grid,copy,rr,chunked,64,8,2,2,1024,2147483648,1,0.8415,0.8303,0.8473,2551.9,64,8,8/8/8/8/8/8/8/8,64,1,825.66,0.83,806.58,825.2,2390.0,2600.9,15.85,,
grid,copy,rr,chunked,64,8,4,1,512,2147483648,1,0.8765,0.8601,0.8827,2449.9,64,8,8/8/8/8/8/8/8/8,64,1,871.51,0.79,838.38,870.72,2399.0,2464.1,5.04,,
grid,copy,rr,chunked,64,8,4,2,512,2147483648,1,0.8724,0.853,0.8836,2461.5,64,8,8/8/8/8/8/8/8/8,64,1,879.07,0.83,846.51,878.24,2405.0,2442.9,-6.64,,
grid,copy,rr,chunked,64,8,8,1,256,2147483648,1,0.72,0.7089,0.7322,2982.4,64,8,8/8/8/8/8/8/8/8,64,1,727.2,0.86,701.31,726.6,2394.0,2953.1,-7.15,,
grid,copy,rr,chunked,64,8,8,2,256,2147483648,1,0.7141,0.7033,0.7253,3007.1,64,8,8/8/8/8/8/8/8/8,64,1,705.15,0.86,692.19,704.4,2389.0,3045.4,8.98,,
grid,copy,rr,chunked,64,16,1,1,1024,2147483648,1,0.8745,0.8708,0.8796,2455.7,64,8,8/8/8/8/8/8/8/8,64,1,867.73,0.93,852.33,866.84,2396.0,2474.8,6.76,,
grid,copy,rr,chunked,64,16,1,2,1024,2147483648,1,0.8719,0.866,0.8797,2462.9,64,8,8/8/8/8/8/8/8/8,64,1,867.76,0.87,853.52,867.28,2407.0,2474.7,4.17,,
grid,copy,rr,chunked,64,16,2,1,512,2147483648,1,0.8683,0.8609,0.8763,2473.1,64,8,8/8/8/8/8/8/8/8,64,1,863.4,0.83,843.16,862.6,2399.0,2487.2,4.93,,
grid,copy,rr,chunked,64,16,2,2,512,2147483648,1,0.8702,0.8652,0.8797,2467.9,64,8,8/8/8/8/8/8/8/8,64,1,865.9,0.83,851.65,865.56,2406.0,2480.1,4.27,,
grid,copy,rr,chunked,64,16,4,1,256,2147483648,1,0.7617,0.7496,0.7673,2819.2,64,8,8/8/8/8/8/8/8/8,64,1,754.84,0.83,729.95,754.36,2397.0,2845.0,6.91,,
grid,copy,rr,chunked,64,16,4,2,256,2147483648,1,0.7596,0.7529,0.767,2827.2,64,8,8/8/8/8/8/8/8/8,64,1,749.51,0.83,741.46,749.08,2398.0,2865.2,10.08,,
grid,copy,rr,chunked,64,16,8,1,128,2147483648,1,0.6833,0.6587,0.6919,3142.8,64,8,8/8/8/8/8/8/8/8,64,1,676.75,0.86,665.78,676.28,2399.0,3173.2,6.56,,
grid,copy,rr,chunked,64,16,8,2,128,2147483648,1,0.6637,0.6479,0.681,3235.7,64,8,8/8/8/8/8/8/8/8,64,1,662.71,0.87,653.63,662.2,2394.0,3240.5,0.98,,
32wg_32cu,read,hwsel,chunked,32,1,1,1,32768,1073741824,1,6.374,6.3381,6.3919,168.5,32,8,4/4/4/4/4/4/4/4,32,1,6376.2,1.47,6234.35,6375.16,2397.0,168.4,-2.21,1,1
64wg_32cu,read,hwsel,chunked,64,1,1,2,16384,1073741824,1,3.3909,3.3742,3.414,316.7,64,8,8/8/8/8/8/8/8/8,32,2,3381.55,1.63,3293.95,3380.0,2398.0,317.5,9.33,1,1
64wg_64cu,read,hwsel,chunked,64,1,1,1,16384,1073741824,1,3.172,3.1563,3.1856,338.5,64,8,8/8/8/8/8/8/8/8,64,1,3178.03,1.52,3106.82,3176.72,2398.0,337.9,-6.04,1,1
32wg_32cu_2xwaves,read,hwsel,chunked,32,2,1,1,16384,1073741824,1,3.3707,3.347,3.3952,318.6,32,8,4/4/4/4/4/4/4/4,32,1,3378.53,1.3,3279.62,3377.28,2398.0,317.8,-7.83,1,1
32wg_32cu_2xunroll,read,hwsel,chunked,32,1,2,1,16384,1073741824,1,3.5805,3.5493,3.6245,299.9,32,8,4/4/4/4/4/4/4/4,32,1,3618.98,1.55,3496.27,3618.72,2397.0,296.7,-38.48,1,1
32wg_32cu,read,hwsel,chunked,32,1,4,1,8192,1073741824,1,2.034,2.0195,2.0804,527.9,32,8,4/4/4/4/4/4/4/4,32,1,2074.64,1.48,2044.83,2073.84,2398.0,517.6,-40.62,1,4
64wg_32cu,read,hwsel,chunked,64,1,4,2,4096,1073741824,1,1.091,1.0776,1.0935,984.2,64,8,8/8/8/8/8/8/8/8,32,2,1078.5,1.55,1053.47,1077.72,2400.0,995.6,12.51,1,4
64wg_64cu,read,hwsel,chunked,64,1,4,1,4096,1073741824,1,1.047,1.0383,1.0548,1025.5,64,8,8/8/8/8/8/8/8/8,64,1,1046.44,1.46,1032.23,1045.16,2401.0,1026.1,0.57,1,4
32wg_32cu_2xwaves,read,hwsel,chunked,32,2,4,1,4096,1073741824,1,1.1389,1.1315,1.1527,942.8,32,8,4/4/4/4/4/4/4/4,32,1,1141.47,1.39,1107.96,1140.2,2402.0,940.7,-2.54,1,4
32wg_32cu_2xunroll,read,hwsel,chunked,32,1,8,1,4096,1073741824,1,1.3903,1.3789,1.4127,772.3,32,8,4/4/4/4/4/4/4/4,32,1,1385.52,1.39,1359.3,1385.04,2404.0,775.0,4.81,1,4
32wg_32cu,read,hwsel,chunked,32,2,1,1,16384,1073741824,1,3.3676,3.3603,3.383,318.8,32,8,4/4/4/4/4/4/4/4,32,1,3373.96,1.48,3278.82,3373.0,2395.0,318.2,-6.32,2,1
64wg_32cu,read,hwsel,chunked,64,2,1,2,8192,1073741824,1,1.8322,1.828,1.8426,586.0,64,8,8/8/8/8/8/8/8/8,32,2,1826.48,1.59,1776.92,1825.92,2392.0,587.9,5.74,2,1
64wg_64cu,read,hwsel,chunked,64,2,1,1,8192,1073741824,1,1.6977,1.6936,1.7048,632.5,64,8,8/8/8/8/8/8/8/8,64,1,1690.23,1.31,1644.83,1690.04,2400.0,635.3,7.49,2,1
32wg_32cu_2xwaves,read,hwsel,chunked,32,4,1,1,8192,1073741824,1,1.7874,1.7823,1.8119,600.7,32,8,4/4/4/4/4/4/4/4,32,1,1789.95,1.24,1748.47,1788.72,2395.0,599.9,-2.59,2,1
32wg_32cu_2xunroll,read,hwsel,chunked,32,2,2,1,8192,1073741824,1,1.8763,1.868,1.8976,572.3,32,8,4/4/4/4/4/4/4/4,32,1,1871.36,1.4,1830.95,1871.0,2401.0,573.8,4.94,2,1
32wg_32cu,read,hwsel,chunked,32,2,4,1,4096,1073741824,1,1.1338,1.1249,1.146,947.0,32,8,4/4/4/4/4/4/4/4,32,1,1132.56,1.36,1104.55,1131.56,2398.0,948.1,1.27,2,4
64wg_32cu,read,hwsel,chunked,64,2,4,2,2048,1073741824,1,0.6283,0.6242,0.6418,1708.9,64,8,8/8/8/8/8/8/8/8,32,2,629.75,1.6,606.01,628.6,2406.0,1705.0,-1.42,2,4
64wg_64cu,read,hwsel,chunked,64,2,4,1,2048,1073741824,1,0.5958,0.5922,0.6009,1802.2,64,8,8/8/8/8/8/8/8/8,64,1,585.99,1.48,567.25,584.8,2389.0,1832.4,9.82,2,4
32wg_32cu_2xwaves,read,hwsel,chunked,32,4,4,1,2048,1073741824,1,0.6355,0.63,0.6452,1689.5,32,8,4/4/4/4/4/4/4/4,32,1,629.6,1.31,614.19,629.4,2407.0,1705.4,5.95,2,4
32wg_32cu_2xunroll,read,hwsel,chunked,32,2,8,1,2048,1073741824,1,0.7366,0.7328,0.7378,1457.6,32,8,4/4/4/4/4/4/4/4,32,1,731.11,1.36,707.11,730.8,2401.0,1468.6,5.54,2,4
32wg_32cu,read,hwsel,chunked,32,4,1,1,8192,1073741824,1,1.7904,1.7867,1.7954,599.7,32,8,4/4/4/4/4/4/4/4,32,1,1782.36,1.12,1749.17,1782.32,2399.0,602.4,8.04,4,1
64wg_32cu,read,hwsel,chunked,64,4,1,2,4096,1073741824,1,0.9958,0.9918,1.0084,1078.3,64,8,8/8/8/8/8/8/8/8,32,2,986.64,1.63,965.57,985.6,2402.0,1088.3,9.17,4,1
64wg_64cu,read,hwsel,chunked,64,4,1,1,4096,1073741824,1,0.9182,0.9162,0.924,1169.4,64,8,8/8/8/8/8/8/8/8,64,1,912.0,1.51,891.0,910.64,2410.0,1177.3,6.17,4,1
32wg_32cu_2xwaves,read,hwsel,chunked,32,8,1,1,4096,1073741824,1,1.0174,1.0056,1.0238,1055.3,32,8,4/4/4/4/4/4/4/4,32,1,1014.27,1.07,983.89,1013.36,2401.0,1058.6,3.16,4,1
32wg_32cu_2xunroll,read,hwsel,chunked,32,4,2,1,4096,1073741824,1,1.0372,1.0273,1.0433,1035.2,32,8,4/4/4/4/4/4/4/4,32,1,1027.87,1.36,992.91,1026.64,2401.0,1044.6,9.34,4,1
32wg_32cu,read,hwsel,chunked,32,4,4,1,2048,1073741824,1,0.6316,0.6244,0.6377,1699.9,32,8,4/4/4/4/4/4/4/4,32,1,626.59,1.44,605.59,625.64,2415.0,1713.6,5.06,4,4
64wg_32cu,read,hwsel,chunked,64,4,4,2,1024,1073741824,1,0.5937,0.5908,0.6001,1808.5,64,8,8/8/8/8/8/8/8/8,32,2,587.16,1.64,565.75,586.36,2407.0,1828.7,6.55,4,4
64wg_64cu,read,hwsel,chunked,64,4,4,1,1024,1073741824,1,0.3446,0.3384,0.3539,3116.1,64,8,8/8/8/8/8/8/8/8,64,1,338.2,1.28,323.36,337.12,2396.0,3174.9,6.38,4,4
32wg_32cu_2xwaves,read,hwsel,chunked,32,8,4,1,1024,1073741824,1,0.5966,0.5918,0.5991,1799.6,32,8,4/4/4/4/4/4/4/4,32,1,593.28,1.36,575.93,592.76,2409.0,1809.8,3.37,4,4
32wg_32cu_2xunroll,read,hwsel,chunked,32,4,8,1,1024,1073741824,1,0.5886,0.5836,0.5955,1824.2,32,8,4/4/4/4/4/4/4/4,32,1,585.8,1.44,567.09,584.56,2407.0,1832.9,2.81,4,4
32wg_32cu,read,hwsel,chunked,32,8,1,1,4096,1073741824,1,1.0177,1.0135,1.0239,1055.0,32,8,4/4/4/4/4/4/4/4,32,1,1014.72,1.32,988.33,1013.4,2413.0,1058.2,3.01,8,1
64wg_32cu,read,hwsel,chunked,64,8,1,2,2048,1073741824,1,0.6146,0.6066,0.6237,1747.0,64,8,8/8/8/8/8/8/8/8,32,2,603.81,1.44,585.24,603.08,2414.0,1778.3,10.82,8,1
64wg_64cu,read,hwsel,chunked,64,8,1,1,2048,1073741824,1,0.537,0.5322,0.5404,1999.5,64,8,8/8/8/8/8/8/8/8,64,1,525.76,1.37,508.68,524.88,2403.0,2042.3,11.25,8,1
32wg_32cu_2xwaves,read,hwsel,chunked,32,16,1,1,2048,1073741824,1,0.6029,0.5966,0.6082,1780.8,32,8,4/4/4/4/4/4/4/4,32,1,590.57,1.04,576.21,589.64,2416.0,1818.1,12.38,8,1
32wg_32cu_2xunroll,read,hwsel,chunked,32,8,2,1,2048,1073741824,1,0.6094,0.6041,0.6181,1761.8,32,8,4/4/4/4/4/4/4/4,32,1,607.88,1.44,580.27,606.6,2408.0,1766.4,1.57,8,1
32wg_32cu,read,hwsel,chunked,32,8,4,1,1024,1073741824,1,0.5946,0.5892,0.5984,1805.9,32,8,4/4/4/4/4/4/4/4,32,1,589.0,1.52,570.93,587.72,2404.0,1823.0,5.59,8,4
64wg_32cu,read,hwsel,chunked,64,8,4,2,512,1073741824,1,0.6056,0.6003,0.617,1773.1,64,8,8/8/8/8/8/8/8/8,32,2,610.59,4.03,468.71,608.36,2409.0,1758.5,-5.02,8,4
64wg_64cu,read,hwsel,chunked,64,8,4,1,512,1073741824,1,0.3311,0.3284,0.3349,3242.5,64,8,8/8/8/8/8/8/8/8,64,1,322.63,1.16,309.87,321.56,2394.0,3328.1,8.51,8,4
32wg_32cu_2xwaves,read,hwsel,chunked,32,16,4,1,512,1073741824,1,0.563,0.5585,0.5674,1907.2,32,8,4/4/4/4/4/4/4/4,32,1,557.79,1.21,544.76,556.8,2406.0,1925.0,5.22,8,4
32wg_32cu_2xunroll,read,hwsel,chunked,32,8,8,1,512,1073741824,1,0.5782,0.5704,0.5846,1857.1,32,8,4/4/4/4/4/4/4/4,32,1,565.69,1.36,548.67,565.44,2412.0,1898.1,12.5,8,4
32wg_32cu,write,hwsel,chunked,32,1,1,1,32768,1073741824,1,0.3323,0.3316,0.3327,3231.6,32,8,4/4/4/4/4/4/4/4,32,1,324.86,1.36,322.33,323.64,2391.0,3305.2,7.4,1,1
64wg_32cu,write,hwsel,chunked,64,1,1,2,16384,1073741824,1,0.2407,0.2396,0.2418,4460.9,64,8,8/8/8/8/8/8/8/8,32,2,232.37,1.36,228.61,231.52,2386.0,4620.8,8.33,1,1
64wg_64cu,write,hwsel,chunked,64,1,1,1,16384,1073741824,1,0.2023,0.2006,0.2047,5306.6,64,8,8/8/8/8/8/8/8/8,64,1,193.87,1.43,169.82,192.72,2373.0,5538.5,8.47,1,1
32wg_32cu_2xwaves,write,hwsel,chunked,32,2,1,1,16384,1073741824,1,0.2454,0.2432,0.2489,4375.4,32,8,4/4/4/4/4/4/4/4,32,1,235.49,1.25,232.76,234.6,2391.0,4559.6,9.91,1,1
32wg_32cu_2xunroll,write,hwsel,chunked,32,1,2,1,16384,1073741824,1,0.2875,0.287,0.288,3735.2,32,8,4/4/4/4/4/4/4/4,32,1,280.13,1.33,277.51,278.96,2393.0,3833.0,7.33,1,1
32wg_32cu,write,hwsel,chunked,32,1,4,1,8192,1073741824,1,0.2604,0.2598,0.2613,4123.1,32,8,4/4/4/4/4/4/4/4,32,1,253.13,1.37,249.75,251.8,2392.0,4241.9,7.29,1,4
64wg_32cu,write,hwsel,chunked,64,1,4,2,4096,1073741824,1,0.2379,0.2365,0.2402,4512.6,64,8,8/8/8/8/8/8/8/8,32,2,228.76,1.46,225.12,227.84,2392.0,4693.7,9.18,1,4
64wg_64cu,write,hwsel,chunked,64,1,4,1,4096,1073741824,1,0.1804,0.1767,0.1826,5952.6,64,8,8/8/8/8/8/8/8/8,64,1,174.32,1.39,144.12,172.96,2368.0,6159.6,6.06,1,4
32wg_32cu_2xwaves,write,hwsel,chunked,32,2,4,1,4096,1073741824,1,0.2428,0.2419,0.2449,4423.0,32,8,4/4/4/4/4/4/4/4,32,1,235.42,1.44,230.35,234.12,2393.0,4561.0,7.34,1,4
32wg_32cu_2xunroll,write,hwsel,chunked,32,1,8,1,4096,1073741824,1,0.243,0.2422,0.2458,4419.0,32,8,4/4/4/4/4/4/4/4,32,1,235.17,1.29,232.41,233.88,2393.0,4565.8,7.81,1,4
32wg_32cu,write,hwsel,chunked,32,2,1,1,16384,1073741824,1,0.2443,0.2435,0.2482,4395.8,32,8,4/4/4/4/4/4/4/4,32,1,238.61,1.38,234.74,237.28,2401.0,4500.0,5.65,2,1
64wg_32cu,write,hwsel,chunked,64,2,1,2,8192,1073741824,1,0.2682,0.267,0.2703,4003.8,64,8,8/8/8/8/8/8/8/8,32,2,260.61,1.42,227.79,259.64,2384.0,4120.1,7.57,2,1
64wg_64cu,write,hwsel,chunked,64,2,1,1,8192,1073741824,1,0.1833,0.1818,0.1866,5859.1,64,8,8/8/8/8/8/8/8/8,64,1,173.68,1.42,151.03,172.92,2361.0,6182.3,9.58,2,1
32wg_32cu_2xwaves,write,hwsel,chunked,32,4,1,1,8192,1073741824,1,0.2419,0.2414,0.2449,4438.7,32,8,4/4/4/4/4/4/4/4,32,1,234.21,1.33,229.88,233.28,2399.0,4584.5,7.69,2,1
32wg_32cu_2xunroll,write,hwsel,chunked,32,2,2,1,8192,1073741824,1,0.2387,0.2376,0.2405,4497.5,32,8,4/4/4/4/4/4/4/4,32,1,231.49,1.53,227.57,230.6,2386.0,4638.4,7.25,2,1
32wg_32cu,write,hwsel,chunked,32,2,4,1,4096,1073741824,1,0.2425,0.2416,0.2449,4428.5,32,8,4/4/4/4/4/4/4/4,32,1,234.48,1.22,229.67,233.88,2392.0,4579.2,7.98,2,4
64wg_32cu,write,hwsel,chunked,64,2,4,2,2048,1073741824,1,0.2535,0.2509,0.258,4236.3,64,8,8/8/8/8/8/8/8/8,32,2,244.74,122.22,137.43,243.04,2387.0,4387.3,8.72,2,4
64wg_64cu,write,hwsel,chunked,64,2,4,1,2048,1073741824,1,0.1832,0.1802,0.186,5861.6,64,8,8/8/8/8/8/8/8/8,64,1,176.48,1.38,144.77,175.72,2370.0,6084.2,6.7,2,4
32wg_32cu_2xwaves,write,hwsel,chunked,32,4,4,1,2048,1073741824,1,0.2626,0.2604,0.2689,4089.2,32,8,4/4/4/4/4/4/4/4,32,1,256.2,1.3,246.88,256.04,2392.0,4191.0,6.38,2,4
32wg_32cu_2xunroll,write,hwsel,chunked,32,2,8,1,2048,1073741824,1,0.2506,0.2492,0.2529,4284.6,32,8,4/4/4/4/4/4/4/4,32,1,242.76,1.4,236.65,241.8,2387.0,4423.1,7.84,2,4
32wg_32cu,write,hwsel,chunked,32,4,1,1,8192,1073741824,1,0.2424,0.2404,0.2469,4428.8,32,8,4/4/4/4/4/4/4/4,32,1,234.87,1.32,231.03,234.36,2382.0,4571.6,7.57,4,1
64wg_32cu,write,hwsel,chunked,64,4,1,2,4096,1073741824,1,0.25,0.2472,0.2532,4294.6,64,8,8/8/8/8/8/8/8/8,32,2,239.61,13.51,173.98,237.04,2392.0,4481.2,10.41,4,1
64wg_64cu,write,hwsel,chunked,64,4,1,1,4096,1073741824,1,0.1849,0.1818,0.1868,5808.3,64,8,8/8/8/8/8/8/8/8,64,1,178.37,1.31,148.12,177.8,2370.0,6019.7,6.49,4,1
32wg_32cu_2xwaves,write,hwsel,chunked,32,8,1,1,4096,1073741824,1,0.2419,0.2394,0.2436,4439.1,32,8,4/4/4/4/4/4/4/4,32,1,231.79,1.25,228.35,230.76,2391.0,4632.4,10.09,4,1
32wg_32cu_2xunroll,write,hwsel,chunked,32,4,2,1,4096,1073741824,1,0.246,0.244,0.2515,4364.1,32,8,4/4/4/4/4/4/4/4,32,1,238.4,1.35,231.29,237.24,2403.0,4504.0,7.64,4,1
32wg_32cu,write,hwsel,chunked,32,4,4,1,2048,1073741824,1,0.2623,0.2592,0.264,4094.1,32,8,4/4/4/4/4/4/4/4,32,1,251.56,1.36,241.69,250.56,2406.0,4268.3,10.7,4,4
64wg_32cu,write,hwsel,chunked,64,4,4,2,1024,1073741824,1,0.2607,0.2578,0.2642,4119.0,64,8,8/8/8/8/8/8/8/8,32,2,249.71,126.85,125.8,245.64,2396.0,4300.0,10.97,4,4
64wg_64cu,write,hwsel,chunked,64,4,4,1,1024,1073741824,1,0.1899,0.1881,0.1931,5654.8,64,8,8/8/8/8/8/8/8/8,64,1,179.72,1.33,153.19,179.16,2368.0,5974.5,10.16,4,4
32wg_32cu_2xwaves,write,hwsel,chunked,32,8,4,1,1024,1073741824,1,0.2602,0.2574,0.2621,4126.6,32,8,4/4/4/4/4/4/4/4,32,1,252.12,1.11,242.81,251.56,2381.0,4258.9,8.08,4,4
32wg_32cu_2xunroll,write,hwsel,chunked,32,4,8,1,1024,1073741824,1,0.2911,0.285,0.294,3688.8,32,8,4/4/4/4/4/4/4/4,32,1,284.46,1.42,263.57,283.44,2390.0,3774.7,6.62,4,4
32wg_32cu,write,hwsel,chunked,32,8,1,1,4096,1073741824,1,0.2431,0.2389,0.2453,4417.5,32,8,4/4/4/4/4/4/4/4,32,1,235.72,1.34,229.99,234.84,2387.0,4555.2,7.34,8,1
64wg_32cu,write,hwsel,chunked,64,8,1,2,2048,1073741824,1,0.2454,0.2448,0.2482,4375.4,64,8,8/8/8/8/8/8/8/8,32,2,236.75,76.55,144.58,176.84,2390.0,4535.3,8.65,8,1
64wg_64cu,write,hwsel,chunked,64,8,1,1,2048,1073741824,1,0.2039,0.1945,0.2091,5267.0,64,8,8/8/8/8/8/8/8/8,64,1,200.64,1.5,176.06,200.4,2392.0,5351.6,3.22,8,1
32wg_32cu_2xwaves,write,hwsel,chunked,32,16,1,1,2048,1073741824,1,0.2438,0.2425,0.2465,4403.4,32,8,4/4/4/4/4/4/4/4,32,1,234.55,1.44,230.18,233.44,2392.0,4577.9,9.29,8,1
32wg_32cu_2xunroll,write,hwsel,chunked,32,8,2,1,2048,1073741824,1,0.2465,0.243,0.2502,4356.3,32,8,4/4/4/4/4/4/4/4,32,1,238.48,1.45,233.05,238.2,2392.0,4502.4,8.0,8,1
32wg_32cu,write,hwsel,chunked,32,8,4,1,1024,1073741824,1,0.2594,0.2575,0.2635,4139.3,32,8,4/4/4/4/4/4/4/4,32,1,255.58,1.51,239.23,254.32,2390.0,4201.2,3.82,8,4
64wg_32cu,write,hwsel,chunked,64,8,4,2,512,1073741824,1,0.2603,0.2573,0.2639,4125.0,64,8,8/8/8/8/8/8/8/8,32,2,252.33,127.93,123.43,127.68,2388.0,4255.3,7.97,8,4
64wg_64cu,write,hwsel,chunked,64,8,4,1,512,1073741824,1,0.2041,0.1966,0.2083,5260.3,64,8,8/8/8/8/8/8/8/8,64,1,193.25,1.6,178.48,191.96,2380.0,5556.2,10.87,8,4
32wg_32cu_2xwaves,write,hwsel,chunked,32,16,4,1,512,1073741824,1,0.2608,0.2583,0.2672,4116.7,32,8,4/4/4/4/4/4/4/4,32,1,250.49,1.4,244.03,249.32,2387.0,4286.6,10.33,8,4
32wg_32cu_2xunroll,write,hwsel,chunked,32,8,8,1,512,1073741824,1,0.2811,0.2759,0.2874,3819.2,32,8,4/4/4/4/4/4/4/4,32,1,271.44,1.51,262.92,271.2,2389.0,3955.7,9.7,8,4
32wg_32cu,copy,hwsel,chunked,32,1,1,1,32768,2147483648,1,7.1182,7.0446,7.1652,301.7,32,8,4/4/4/4/4/4/4/4,32,1,7097.35,1.33,6964.37,7096.52,2399.0,302.6,20.85,1,1
64wg_32cu,copy,hwsel,chunked,64,1,1,2,16384,2147483648,1,3.9156,3.8984,3.932,548.4,64,8,8/8/8/8/8/8/8/8,32,2,3914.03,1.5,3824.58,3912.76,2396.0,548.7,1.53,1,1
64wg_64cu,copy,hwsel,chunked,64,1,1,1,16384,2147483648,1,3.6994,3.6766,3.7299,580.5,64,8,8/8/8/8/8/8/8/8,64,1,3712.25,1.46,3615.9,3711.4,2396.0,578.5,-12.89,1,1
32wg_32cu_2xwaves,copy,hwsel,chunked,32,2,1,1,16384,2147483648,1,3.9313,3.9088,3.9424,546.2,32,8,4/4/4/4/4/4/4/4,32,1,3902.35,1.23,3836.2,3901.4,2402.0,550.3,28.97,1,1
32wg_32cu_2xunroll,copy,hwsel,chunked,32,1,2,1,16384,2147483648,1,4.1777,4.1601,4.2153,514.0,32,8,4/4/4/4/4/4/4/4,32,1,4154.54,1.32,4102.97,4153.88,2399.0,516.9,23.14,1,1
32wg_32cu,copy,hwsel,chunked,32,1,4,1,8192,2147483648,1,2.5866,2.575,2.6069,830.2,32,8,4/4/4/4/4/4/4/4,32,1,2586.11,1.38,2534.74,2584.96,2402.0,830.4,0.5,1,4
64wg_32cu,copy,hwsel,chunked,64,1,4,2,4096,2147483648,1,1.5448,1.5246,1.5668,1390.1,64,8,8/8/8/8/8/8/8/8,32,2,1542.15,1.64,1501.45,1540.96,2401.0,1392.5,2.67,1,4
64wg_64cu,copy,hwsel,chunked,64,1,4,1,4096,2147483648,1,1.4319,1.4242,1.4442,1499.7,64,8,8/8/8/8/8/8/8/8,64,1,1423.8,1.27,1401.91,1422.64,2410.0,1508.3,8.11,1,4
32wg_32cu_2xwaves,copy,hwsel,chunked,32,2,4,1,4096,2147483648,1,1.514,1.5083,1.5251,1418.5,32,8,4/4/4/4/4/4/4/4,32,1,1509.76,1.36,1479.65,1508.64,2401.0,1422.4,4.2,1,4
32wg_32cu_2xunroll,copy,hwsel,chunked,32,1,8,1,4096,2147483648,1,1.6127,1.6042,1.6224,1331.6,32,8,4/4/4/4/4/4/4/4,32,1,1597.81,1.42,1569.38,1597.32,2397.0,1344.0,14.89,1,4
32wg_32cu,copy,hwsel,chunked,32,2,1,1,16384,2147483648,1,3.912,3.9012,3.9311,549.0,32,8,4/4/4/4/4/4/4/4,32,1,3898.94,1.42,3813.74,3897.72,2403.0,550.8,13.02,2,1
64wg_32cu,copy,hwsel,chunked,64,2,1,2,8192,2147483648,1,2.2339,2.2211,2.2422,961.3,64,8,8/8/8/8/8/8/8/8,32,2,2216.57,1.73,2160.07,2214.92,2400.0,968.8,17.31,2,1
64wg_64cu,copy,hwsel,chunked,64,2,1,1,8192,2147483648,1,2.0758,2.0705,2.0845,1034.5,64,8,8/8/8/8/8/8/8/8,64,1,2064.79,1.41,2022.09,2063.56,2402.0,1040.0,11.03,2,1
32wg_32cu_2xwaves,copy,hwsel,chunked,32,4,1,1,8192,2147483648,1,2.1929,2.1848,2.2128,979.3,32,8,4/4/4/4/4/4/4/4,32,1,2181.94,1.39,2137.38,2181.68,2400.0,984.2,10.94,2,1
32wg_32cu_2xunroll,copy,hwsel,chunked,32,2,2,1,8192,2147483648,1,2.3899,2.3795,2.4104,898.6,32,8,4/4/4/4/4/4/4/4,32,1,2401.14,1.35,2342.05,2399.92,2399.0,894.4,-11.22,2,1
32wg_32cu,copy,hwsel,chunked,32,2,4,1,4096,2147483648,1,1.5106,1.5014,1.523,1421.6,32,8,4/4/4/4/4/4/4/4,32,1,1506.91,1.42,1478.15,1506.48,2407.0,1425.1,3.69,2,4
64wg_32cu,copy,hwsel,chunked,64,2,4,2,2048,2147483648,1,1.3495,1.3431,1.3551,1591.3,64,8,8/8/8/8/8/8/8/8,32,2,1337.72,1.47,1302.74,1337.28,2399.0,1605.3,11.81,2,4
64wg_64cu,copy,hwsel,chunked,64,2,4,1,2048,2147483648,1,0.8908,0.8777,0.8962,2410.6,64,8,8/8/8/8/8/8/8/8,64,1,880.8,1.49,860.84,880.52,2397.0,2438.1,10.05,2,4
32wg_32cu_2xwaves,copy,hwsel,chunked,32,4,4,1,2048,2147483648,1,1.3371,1.3309,1.3453,1606.1,32,8,4/4/4/4/4/4/4/4,32,1,1338.4,1.39,1298.04,1337.52,2396.0,1604.5,-1.33,2,4
32wg_32cu_2xunroll,copy,hwsel,chunked,32,2,8,1,2048,2147483648,1,1.3291,1.3244,1.3425,1615.8,32,8,4/4/4/4/4/4/4/4,32,1,1320.91,1.41,1296.98,1320.04,2415.0,1625.8,8.18,2,4
32wg_32cu,copy,hwsel,chunked,32,4,1,1,8192,2147483648,1,2.2141,2.206,2.2187,969.9,32,8,4/4/4/4/4/4/4/4,32,1,2207.97,1.49,2157.6,2206.48,2395.0,972.6,6.09,4,1
64wg_32cu,copy,hwsel,chunked,64,4,1,2,4096,2147483648,1,1.4034,1.3939,1.409,1530.2,64,8,8/8/8/8/8/8/8/8,32,2,1397.22,1.62,1360.6,1395.6,2395.0,1537.0,6.21,4,1
64wg_64cu,copy,hwsel,chunked,64,4,1,1,4096,2147483648,1,1.271,1.2607,1.2783,1689.7,64,8,8/8/8/8/8/8/8/8,64,1,1263.41,1.46,1234.71,1262.48,2398.0,1699.8,7.54,4,1
32wg_32cu_2xwaves,copy,hwsel,chunked,32,8,1,1,4096,2147483648,1,1.4003,1.3847,1.4134,1533.6,32,8,4/4/4/4/4/4/4/4,32,1,1386.35,1.28,1348.31,1385.4,2408.0,1549.0,13.91,4,1
32wg_32cu_2xunroll,copy,hwsel,chunked,32,4,2,1,4096,2147483648,1,1.4275,1.4136,1.4448,1504.3,32,8,4/4/4/4/4/4/4/4,32,1,1409.31,1.51,1380.89,1407.88,2414.0,1523.8,18.22,4,1
32wg_32cu,copy,hwsel,chunked,32,4,4,1,2048,2147483648,1,1.3411,1.3309,1.3449,1601.3,32,8,4/4/4/4/4/4/4/4,32,1,1337.03,1.51,1306.45,1336.72,2400.0,1606.2,4.08,4,4
64wg_32cu,copy,hwsel,chunked,64,4,4,2,1024,2147483648,1,1.3559,1.3461,1.3708,1583.8,64,8,8/8/8/8/8/8/8/8,32,2,1363.55,1.66,1083.23,1361.92,2408.0,1574.9,-7.68,4,4
64wg_64cu,copy,hwsel,chunked,64,4,4,1,1024,2147483648,1,0.8127,0.8019,0.8243,2642.3,64,8,8/8/8/8/8/8/8/8,64,1,807.56,1.39,777.99,806.24,2401.0,2659.2,5.17,4,4
32wg_32cu_2xwaves,copy,hwsel,chunked,32,8,4,1,1024,2147483648,1,1.4159,1.4032,1.4214,1516.7,32,8,4/4/4/4/4/4/4/4,32,1,1412.62,1.46,1398.73,1411.56,2401.0,1520.2,3.28,4,4
32wg_32cu_2xunroll,copy,hwsel,chunked,32,4,8,1,1024,2147483648,1,1.2313,1.2247,1.2503,1744.1,32,8,4/4/4/4/4/4/4/4,32,1,1222.41,1.41,1196.84,1221.72,2395.0,1756.8,8.88,4,4
32wg_32cu,copy,hwsel,chunked,32,8,1,1,4096,2147483648,1,1.4051,1.3904,1.4167,1528.3,32,8,4/4/4/4/4/4/4/4,32,1,1386.26,1.61,1353.21,1385.88,2397.0,1549.1,18.87,8,1
64wg_32cu,copy,hwsel,chunked,64,8,1,2,2048,2147483648,1,1.4811,1.478,1.4943,1449.9,64,8,8/8/8/8/8/8/8/8,32,2,1470.53,1.61,1272.1,1469.16,2404.0,1460.3,10.61,8,1
64wg_64cu,copy,hwsel,chunked,64,8,1,1,2048,2147483648,1,0.8544,0.8392,0.8728,2513.3,64,8,8/8/8/8/8/8/8/8,64,1,847.41,1.45,821.58,846.2,2398.0,2534.2,7.04,8,1
32wg_32cu_2xwaves,copy,hwsel,chunked,32,16,1,1,2048,2147483648,1,1.4468,1.4354,1.4575,1484.3,32,8,4/4/4/4/4/4/4/4,32,1,1439.31,1.46,1412.83,1439.12,2400.0,1492.0,7.5,8,1
32wg_32cu_2xunroll,copy,hwsel,chunked,32,8,2,1,2048,2147483648,1,1.3607,1.349,1.3805,1578.2,32,8,4/4/4/4/4/4/4/4,32,1,1349.11,1.45,1320.91,1348.4,2401.0,1591.8,11.56,8,1
32wg_32cu,copy,hwsel,chunked,32,8,4,1,1024,2147483648,1,1.4128,1.4081,1.4222,1520.0,32,8,4/4/4/4/4/4/4/4,32,1,1405.69,1.56,1390.68,1404.48,2408.0,1527.7,7.1,8,4
64wg_32cu,copy,hwsel,chunked,64,8,4,2,512,2147483648,1,1.4267,1.4142,1.4419,1505.3,64,8,8/8/8/8/8/8/8/8,32,2,1406.82,1.56,1070.53,1405.84,2399.0,1526.5,19.83,8,4
64wg_64cu,copy,hwsel,chunked,64,8,4,1,512,2147483648,1,0.8737,0.8594,0.8817,2457.8,64,8,8/8/8/8/8/8/8/8,64,1,861.86,1.52,844.85,860.6,2399.0,2491.7,11.87,8,4
32wg_32cu_2xwaves,copy,hwsel,chunked,32,16,4,1,512,2147483648,1,1.233,1.2275,1.2511,1741.6,32,8,4/4/4/4/4/4/4/4,32,1,1227.4,1.41,1211.24,1226.64,2401.0,1749.6,5.63,8,4
32wg_32cu_2xunroll,copy,hwsel,chunked,32,8,8,1,512,2147483648,1,1.2331,1.2301,1.2403,1741.5,32,8,4/4/4/4/4/4/4/4,32,1,1232.05,1.49,1220.62,1230.92,2401.0,1743.0,1.08,8,4
