sweep_tag,size_mb,op,mode,pattern,W,num_warps,unroll,wpc,n_iter,bytes,cold,time_ms,time_min_ms,time_max_ms,gbps,n_active,n_xcds,wgs_per_xcd,n_cus,max_wg_per_cu,kernel_span_us,start_skew_us,wg_time_mean_us,wg_time_max_us,sclk_mhz,gbps_in_kernel,overhead_us
cold,16,read,rr,chunked,32,8,4,1,16,16777216,1,0.0152,0.015,0.0174,1105.2,32,8,4/4/4/4/4/4/4/4,32,1,11.17,0.77,9.84,10.44,2409.0,1502.0,4.01
cold,32,read,rr,chunked,32,8,4,1,32,33554432,1,0.025,0.0242,0.027,1343.3,32,8,4/4/4/4/4/4/4/4,32,1,20.17,0.77,18.8,19.52,2401.0,1663.6,4.81
cold,64,read,rr,chunked,32,8,4,1,64,67108864,1,0.0439,0.043,0.047,1527.3,32,8,4/4/4/4/4/4/4/4,32,1,39.97,0.65,37.18,39.44,2413.0,1679.0,3.97
cold,128,read,rr,chunked,32,8,4,1,128,134217728,1,0.0832,0.0825,0.0849,1612.4,32,8,4/4/4/4/4/4/4/4,32,1,79.03,0.69,76.27,78.36,2395.0,1698.3,4.21
cold,192,read,rr,chunked,32,8,4,1,192,201326592,1,0.1171,0.1152,0.1209,1719.5,32,8,4/4/4/4/4/4/4/4,32,1,111.37,0.65,108.51,110.88,2416.0,1807.7,5.71
cold,256,read,rr,chunked,32,8,4,1,256,268435456,1,0.1547,0.153,0.1574,1735.4,32,8,4/4/4/4/4/4/4/4,32,1,149.42,0.81,144.81,148.8,2407.0,1796.5,5.26
cold,384,read,rr,chunked,32,8,4,1,384,402653184,1,0.2261,0.225,0.2328,1780.5,32,8,4/4/4/4/4/4/4/4,32,1,224.59,0.77,216.98,224.2,2401.0,1792.8,1.55
cold,512,read,rr,chunked,32,8,4,1,512,536870912,1,0.2959,0.2939,0.3015,1814.2,32,8,4/4/4/4/4/4/4/4,32,1,289.88,0.78,283.32,289.76,2410.0,1852.0,6.04
cold,1024,read,rr,chunked,32,8,4,1,1024,1073741824,1,0.5919,0.5886,0.5949,1814.0,32,8,4/4/4/4/4/4/4/4,32,1,586.93,0.75,572.93,586.24,2407.0,1829.4,5.0
cold,2048,read,rr,chunked,32,8,4,1,2048,2147483648,1,1.1833,1.1714,1.1899,1814.8,32,8,4/4/4/4/4/4/4/4,32,1,1174.91,0.7,1145.7,1174.32,2395.0,1827.8,8.42
cold,4096,read,rr,chunked,32,8,4,1,4096,4294967296,1,2.3493,2.3395,2.3725,1828.2,32,8,4/4/4/4/4/4/4/4,32,1,2336.61,0.77,2287.92,2336.08,2402.0,1838.1,12.71
warm,16,read,rr,chunked,32,8,4,1,16,16777216,0,0.0201,0.0195,0.0211,834.7,32,8,4/4/4/4/4/4/4/4,32,1,5.17,1.41,3.7,3.76,2391.0,3245.1,14.93
warm,32,read,rr,chunked,32,8,4,1,32,33554432,0,0.0198,0.0193,0.0271,1692.9,32,8,4/4/4/4/4/4/4/4,32,1,9.74,1.38,7.96,8.44,2387.0,3445.0,10.08
warm,64,read,rr,chunked,32,8,4,1,64,67108864,0,0.0248,0.0247,0.0251,2706.0,32,8,4/4/4/4/4/4/4/4,32,1,21.26,0.62,19.67,20.64,2390.0,3156.6,3.54
warm,128,read,rr,chunked,32,8,4,1,128,134217728,0,0.0449,0.0448,0.0456,2987.9,32,8,4/4/4/4/4/4/4/4,32,1,41.34,0.62,38.92,40.72,2391.0,3246.7,3.58
warm,192,read,rr,chunked,32,8,4,1,192,201326592,0,0.0649,0.0647,0.066,3104.0,32,8,4/4/4/4/4/4/4/4,32,1,61.38,0.62,57.91,60.76,2391.0,3280.0,3.48
warm,256,read,rr,chunked,32,8,4,1,256,268435456,0,0.0854,0.0849,0.0876,3144.7,32,8,4/4/4/4/4/4/4/4,32,1,81.79,0.71,77.18,81.08,2391.0,3282.0,3.57
warm,384,read,rr,chunked,32,8,4,1,384,402653184,0,0.2254,0.224,0.2292,1786.7,32,8,4/4/4/4/4/4/4/4,32,1,221.62,0.75,214.82,221.56,2397.0,1816.9,3.74
warm,512,read,rr,chunked,32,8,4,1,512,536870912,0,0.2941,0.2919,0.2992,1825.2,32,8,4/4/4/4/4/4/4/4,32,1,288.45,0.7,281.6,288.4,2393.0,1861.2,5.69
warm,1024,read,rr,chunked,32,8,4,1,1024,1073741824,0,0.5872,0.5842,0.5964,1828.7,32,8,4/4/4/4/4/4/4/4,32,1,588.59,0.75,572.32,587.88,2401.0,1824.3,-1.42
warm,2048,read,rr,chunked,32,8,4,1,2048,2147483648,0,1.1811,1.1733,1.1887,1818.2,32,8,4/4/4/4/4/4/4/4,32,1,1185.21,0.75,1155.04,1185.16,2412.0,1811.9,-4.12
warm,4096,read,rr,chunked,32,8,4,1,4096,4294967296,0,2.3444,2.3366,2.3493,1832.0,32,8,4/4/4/4/4/4/4/4,32,1,2340.82,0.94,2290.91,2340.24,2404.0,1834.8,3.58
cold,16,read,rr,chunked,64,8,4,1,8,16777216,1,0.0107,0.0103,0.0145,1562.1,64,8,8/8/8/8/8/8/8/8,64,1,6.42,0.77,5.3,5.76,2384.0,2613.3,4.32
cold,32,read,rr,chunked,64,8,4,1,16,33554432,1,0.0165,0.0163,0.0173,2028.7,64,8,8/8/8/8/8/8/8/8,64,1,12.49,0.89,10.7,11.64,2396.0,2686.5,4.05
cold,64,read,rr,chunked,64,8,4,1,32,67108864,1,0.0261,0.025,0.0272,2569.3,64,8,8/8/8/8/8/8/8/8,64,1,21.49,0.65,19.86,20.84,2407.0,3122.8,4.63
cold,128,read,rr,chunked,64,8,4,1,64,134217728,1,0.0478,0.0463,0.0494,2805.5,64,8,8/8/8/8/8/8/8/8,64,1,42.56,0.65,40.38,42.12,2388.0,3153.6,5.28
cold,192,read,rr,chunked,64,8,4,1,96,201326592,1,0.0654,0.065,0.0675,3078.3,64,8,8/8/8/8/8/8/8/8,64,1,61.47,0.75,57.74,60.76,2410.0,3275.2,3.93
cold,256,read,rr,chunked,64,8,4,1,128,268435456,1,0.0895,0.0878,0.0917,3000.6,64,8,8/8/8/8/8/8/8/8,64,1,84.19,0.84,81.17,83.6,2389.0,3188.4,5.27
cold,384,read,rr,chunked,64,8,4,1,192,402653184,1,0.1259,0.1242,0.1268,3197.7,64,8,8/8/8/8/8/8/8/8,64,1,121.77,0.73,116.49,121.04,2405.0,3306.7,4.15
cold,512,read,rr,chunked,64,8,4,1,256,536870912,1,0.166,0.1646,0.1685,3234.1,64,8,8/8/8/8/8/8/8/8,64,1,160.83,0.69,155.44,160.48,2406.0,3338.1,5.17
cold,1024,read,rr,chunked,64,8,4,1,512,1073741824,1,0.3229,0.321,0.3281,3325.3,64,8,8/8/8/8/8/8/8/8,64,1,322.55,0.85,309.57,322.48,2388.0,3328.9,0.35
cold,2048,read,rr,chunked,64,8,4,1,1024,2147483648,1,0.6362,0.633,0.6485,3375.7,64,8,8/8/8/8/8/8/8/8,64,1,635.99,0.73,621.8,635.76,2391.0,3376.6,0.18
cold,4096,read,rr,chunked,64,8,4,1,2048,4294967296,1,1.2806,1.2724,1.2874,3353.8,64,8,8/8/8/8/8/8/8/8,64,1,1271.01,0.84,1241.01,1270.52,2399.0,3379.2,9.6
warm,16,read,rr,chunked,64,8,4,1,8,16777216,0,0.0193,0.0144,0.0247,869.3,64,8,8/8/8/8/8/8/8/8,64,1,3.32,1.36,1.96,2.04,2373.0,5053.4,15.98
warm,32,read,rr,chunked,64,8,4,1,16,33554432,0,0.0194,0.0193,0.0221,1726.1,64,8,8/8/8/8/8/8/8/8,64,1,5.77,1.49,4.15,4.44,2362.0,5815.3,13.67
warm,64,read,rr,chunked,64,8,4,1,32,67108864,0,0.02,0.016,0.027,3355.4,64,8,8/8/8/8/8/8/8/8,64,1,12.64,1.3,10.8,11.48,2375.0,5309.2,7.36
warm,128,read,rr,chunked,64,8,4,1,64,134217728,0,0.0266,0.0264,0.0271,5049.5,64,8,8/8/8/8/8/8/8/8,64,1,23.02,0.66,21.47,22.44,2363.0,5830.5,3.56
warm,192,read,rr,chunked,64,8,4,1,96,201326592,0,0.0369,0.0366,0.0374,5455.9,64,8,8/8/8/8/8/8/8/8,64,1,33.38,0.78,31.33,32.88,2371.0,6031.4,3.52
warm,256,read,rr,chunked,64,8,4,1,128,268435456,0,0.0481,0.0478,0.0488,5585.4,64,8,8/8/8/8/8/8/8/8,64,1,44.67,0.75,41.76,43.92,2386.0,6009.3,3.39
warm,384,read,rr,chunked,64,8,4,1,192,402653184,0,0.1255,0.1244,0.1287,3207.3,64,8,8/8/8/8/8/8/8/8,64,1,122.55,0.75,117.22,121.8,2409.0,3285.6,2.99
warm,512,read,rr,chunked,64,8,4,1,256,536870912,0,0.1653,0.1624,0.1705,3248.6,64,8,8/8/8/8/8/8/8/8,64,1,161.82,0.75,156.06,161.76,2387.0,3317.7,3.44
warm,1024,read,rr,chunked,64,8,4,1,512,1073741824,0,0.3229,0.3211,0.3298,3325.7,64,8,8/8/8/8/8/8/8/8,64,1,318.94,0.75,308.61,318.88,2382.0,3366.6,3.92
warm,2048,read,rr,chunked,64,8,4,1,1024,2147483648,0,0.6372,0.6305,0.6425,3369.9,64,8,8/8/8/8/8/8/8/8,64,1,631.17,0.67,618.47,631.08,2393.0,3402.4,6.08
warm,4096,read,rr,chunked,64,8,4,1,2048,4294967296,0,1.2779,1.2718,1.2898,3361.0,64,8,8/8/8/8/8/8/8/8,64,1,1285.53,0.77,1245.8,1285.48,2393.0,3341.0,-7.66
cold,16,read,rr,chunked,256,8,4,1,2,16777216,1,0.0081,0.0077,0.0088,2061.1,256,8,32/32/32/32/32/32/32/32,256,1,3.93,0.97,2.67,3.04,2375.0,4269.0,4.21
cold,32,read,rr,chunked,256,8,4,1,4,33554432,1,0.0107,0.0099,0.0137,3147.7,256,8,32/32/32/32/32/32/32/32,256,1,6.24,0.77,5.17,5.56,2357.0,5377.3,4.42
cold,64,read,rr,chunked,256,8,4,1,8,67108864,1,0.0166,0.0164,0.0183,4042.7,256,8,32/32/32/32/32/32/32/32,256,1,12.4,0.81,9.85,11.64,2374.0,5412.0,4.2
cold,128,read,rr,chunked,256,8,4,1,16,134217728,1,0.0268,0.0262,0.0292,5015.6,256,8,32/32/32/32/32/32/32/32,256,1,22.55,0.85,19.86,21.96,2370.0,5952.0,4.21
cold,192,read,rr,chunked,256,8,4,1,24,201326592,1,0.0374,0.0372,0.0412,5383.1,256,8,32/32/32/32/32/32/32/32,256,1,36.24,0.89,30.34,36.12,2370.0,5555.4,1.16
cold,256,read,rr,chunked,256,8,4,1,32,268435456,1,0.0473,0.0466,0.0564,5677.6,256,8,32/32/32/32/32/32/32/32,256,1,43.0,0.85,39.81,42.2,2380.0,6242.7,4.28
cold,384,read,rr,chunked,256,8,4,1,48,402653184,1,0.0699,0.0688,0.074,5760.4,256,8,32/32/32/32/32/32/32/32,256,1,66.23,0.89,61.12,65.96,2377.0,6079.6,3.67
cold,512,read,rr,chunked,256,8,4,1,64,536870912,1,0.0902,0.0886,0.0958,5952.0,256,8,32/32/32/32/32/32/32/32,256,1,86.51,0.81,80.97,86.0,2378.0,6205.9,3.69
cold,1024,read,rr,chunked,256,8,4,1,128,1073741824,1,0.1799,0.1785,0.184,5967.8,256,8,32/32/32/32/32/32/32/32,256,1,175.85,0.81,169.32,175.36,2371.0,6106.0,4.07
cold,2048,read,rr,chunked,256,8,4,1,256,2147483648,1,0.3514,0.3459,0.3584,6111.2,256,8,32/32/32/32/32/32/32/32,256,1,348.04,0.87,333.33,347.44,2387.0,6170.2,3.36
cold,4096,read,rr,chunked,256,8,4,1,512,4294967296,1,0.693,0.6895,0.703,6197.6,256,8,32/32/32/32/32/32/32/32,256,1,688.71,0.89,656.91,688.08,2392.0,6236.2,4.3
warm,16,read,rr,chunked,256,8,4,1,2,16777216,0,0.0196,0.0184,0.0219,857.7,256,8,32/32/32/32/32/32/32/32,256,1,2.61,1.77,0.75,0.96,2318.0,6428.1,16.95
warm,32,read,rr,chunked,256,8,4,1,4,33554432,0,0.0191,0.0183,0.0206,1756.8,256,8,32/32/32/32/32/32/32/32,256,1,3.02,1.66,1.29,1.56,2286.0,11110.7,16.08
warm,64,read,rr,chunked,256,8,4,1,8,67108864,0,0.0194,0.0184,0.0266,3462.8,256,8,32/32/32/32/32/32/32/32,256,1,10.92,1.62,9.18,9.88,2332.0,6145.5,8.46
warm,128,read,rr,chunked,256,8,4,1,16,134217728,0,0.0218,0.0215,0.028,6168.1,256,8,32/32/32/32/32/32/32/32,256,1,18.08,0.87,16.54,18.0,2331.0,7423.5,3.68
warm,192,read,rr,chunked,256,8,4,1,24,201326592,0,0.0322,0.0314,0.033,6256.1,256,8,32/32/32/32/32/32/32/32,256,1,28.48,0.87,24.6,28.32,2340.0,7069.1,3.7
warm,256,read,rr,chunked,256,8,4,1,32,268435456,0,0.0401,0.0391,0.0431,6694.1,256,8,32/32/32/32/32/32/32/32,256,1,36.07,0.87,32.93,35.96,2351.0,7442.1,4.03
warm,384,read,rr,chunked,256,8,4,1,48,402653184,0,0.0684,0.0663,0.0726,5888.4,256,8,32/32/32/32/32/32/32/32,256,1,65.11,0.86,61.21,65.04,2374.0,6184.2,3.27
warm,512,read,rr,chunked,256,8,4,1,64,536870912,0,0.0897,0.0869,0.0934,5982.5,256,8,32/32/32/32/32/32/32/32,256,1,83.47,0.87,80.42,83.4,2374.0,6431.9,6.27
warm,1024,read,rr,chunked,256,8,4,1,128,1073741824,0,0.1809,0.1766,0.1875,5936.8,256,8,32/32/32/32/32/32/32/32,256,1,179.61,0.91,166.7,179.48,2387.0,5978.2,1.25
warm,2048,read,rr,chunked,256,8,4,1,256,2147483648,0,0.3523,0.3476,0.361,6095.6,256,8,32/32/32/32/32/32/32/32,256,1,344.0,0.9,332.58,343.92,2387.0,6242.7,8.3
warm,4096,read,rr,chunked,256,8,4,1,512,4294967296,0,0.6918,0.6872,0.7026,6208.7,256,8,32/32/32/32/32/32/32/32,256,1,689.26,0.9,663.47,689.12,2380.0,6231.3,2.51
cold,16,write,rr,chunked,32,8,4,1,16,16777216,1,0.0117,0.0111,0.012,1434.0,32,8,4/4/4/4/4/4/4/4,32,1,5.14,0.85,4.08,4.36,2392.0,3264.0,6.56
cold,32,write,rr,chunked,32,8,4,1,32,33554432,1,0.016,0.0154,0.0169,2091.9,32,8,4/4/4/4/4/4/4/4,32,1,8.96,0.74,7.95,8.28,2391.0,3744.9,7.08
cold,64,write,rr,chunked,32,8,4,1,64,67108864,1,0.0237,0.023,0.024,2831.6,32,8,4/4/4/4/4/4/4/4,32,1,16.96,0.7,15.75,16.4,2394.0,3956.9,6.74
cold,128,write,rr,chunked,32,8,4,1,128,134217728,1,0.0396,0.039,0.0415,3389.3,32,8,4/4/4/4/4/4/4/4,32,1,32.96,0.73,31.07,32.4,2387.0,4072.1,6.64
cold,192,write,rr,chunked,32,8,4,1,192,201326592,1,0.0553,0.0548,0.0558,3641.9,32,8,4/4/4/4/4/4/4/4,32,1,48.67,0.85,46.38,47.88,2395.0,4136.6,6.61
cold,256,write,rr,chunked,32,8,4,1,256,268435456,1,0.0711,0.0705,0.0718,3777.6,32,8,4/4/4/4/4/4/4/4,32,1,64.84,0.82,61.69,64.16,2380.0,4140.0,6.22
cold,384,write,rr,chunked,32,8,4,1,384,402653184,1,0.1023,0.1015,0.1035,3936.0,32,8,4/4/4/4/4/4/4/4,32,1,95.91,0.73,92.49,95.48,2406.0,4198.2,6.39
cold,512,write,rr,chunked,32,8,4,1,512,536870912,1,0.1345,0.1335,0.136,3991.0,32,8,4/4/4/4/4/4/4/4,32,1,127.88,0.77,123.35,127.16,2396.0,4198.2,6.64
cold,1024,write,rr,chunked,32,8,4,1,1024,1073741824,1,0.2601,0.2589,0.2623,4127.5,32,8,4/4/4/4/4/4/4/4,32,1,253.13,0.77,245.9,252.56,2396.0,4241.9,7.01
cold,2048,write,rr,chunked,32,8,4,1,2048,2147483648,1,0.5161,0.5108,0.5218,4161.1,32,8,4/4/4/4/4/4/4/4,32,1,510.63,0.85,495.17,510.04,2382.0,4205.6,5.46
cold,4096,write,rr,chunked,32,8,4,1,4096,4294967296,1,1.0246,1.0182,1.0304,4191.8,32,8,4/4/4/4/4/4/4/4,32,1,1023.19,0.77,997.01,1022.56,2392.0,4197.6,1.42
warm,16,write,rr,chunked,32,8,4,1,16,16777216,0,0.0197,0.0192,0.0236,850.8,32,8,4/4/4/4/4/4/4/4,32,1,5.54,1.38,4.1,4.24,2387.0,3028.4,14.18
warm,32,write,rr,chunked,32,8,4,1,32,33554432,0,0.02,0.0168,0.0277,1681.1,32,8,4/4/4/4/4/4/4/4,32,1,9.66,1.54,7.98,8.32,2382.0,3473.5,10.3
warm,64,write,rr,chunked,32,8,4,1,64,67108864,0,0.0223,0.0222,0.0267,3003.8,32,8,4/4/4/4/4/4/4/4,32,1,16.9,0.7,15.69,16.52,2386.0,3970.9,5.44
warm,128,write,rr,chunked,32,8,4,1,128,134217728,0,0.0382,0.0381,0.0392,3509.9,32,8,4/4/4/4/4/4/4/4,32,1,32.91,0.71,31.3,32.44,2378.0,4078.3,5.33
warm,192,write,rr,chunked,32,8,4,1,192,201326592,0,0.0542,0.0537,0.0551,3713.1,32,8,4/4/4/4/4/4/4/4,32,1,49.03,0.71,47.06,48.96,2386.0,4106.2,5.19
warm,256,write,rr,chunked,32,8,4,1,256,268435456,0,0.0704,0.0694,0.0712,3812.9,32,8,4/4/4/4/4/4/4/4,32,1,64.76,0.71,62.25,64.68,2387.0,4145.1,5.64
warm,384,write,rr,chunked,32,8,4,1,384,402653184,0,0.1014,0.1008,0.1034,3970.1,32,8,4/4/4/4/4/4/4/4,32,1,95.78,0.74,92.59,95.56,2392.0,4203.9,5.64
warm,512,write,rr,chunked,32,8,4,1,512,536870912,0,0.1336,0.1324,0.1355,4017.8,32,8,4/4/4/4/4/4/4/4,32,1,128.02,0.62,125.03,127.44,2383.0,4193.6,5.6
warm,1024,write,rr,chunked,32,8,4,1,1024,1073741824,0,0.2609,0.2592,0.2628,4115.2,32,8,4/4/4/4/4/4/4/4,32,1,254.87,0.77,248.33,254.28,2387.0,4212.9,6.05
warm,2048,write,rr,chunked,32,8,4,1,2048,2147483648,0,0.5149,0.5116,0.5234,4170.8,32,8,4/4/4/4/4/4/4/4,32,1,509.15,0.59,494.51,509.08,2387.0,4217.8,5.74
warm,4096,write,rr,chunked,32,8,4,1,4096,4294967296,0,1.0247,1.0177,1.0318,4191.4,32,8,4/4/4/4/4/4/4/4,32,1,1021.71,0.67,994.35,1021.04,2385.0,4203.7,3.0
cold,16,write,rr,chunked,64,8,4,1,8,16777216,1,0.0099,0.0091,0.0104,1701.5,64,8,8/8/8/8/8/8/8/8,64,1,3.37,0.81,2.47,2.6,2375.0,4978.4,6.49
cold,32,write,rr,chunked,64,8,4,1,16,33554432,1,0.0127,0.0121,0.0129,2637.9,64,8,8/8/8/8/8/8/8/8,64,1,5.65,0.73,4.77,4.96,2380.0,5938.8,7.07
cold,64,write,rr,chunked,64,8,4,1,32,67108864,1,0.017,0.0163,0.0174,3938.3,64,8,8/8/8/8/8/8/8/8,64,1,10.03,0.75,9.13,9.32,2357.0,6690.8,7.01
cold,128,write,rr,chunked,64,8,4,1,64,134217728,1,0.0303,0.0296,0.0326,4435.4,64,8,8/8/8/8/8/8/8/8,64,1,24.01,0.84,21.17,23.48,2385.0,5590.1,6.25
cold,192,write,rr,chunked,64,8,4,1,96,201326592,1,0.035,0.0343,0.0357,5748.7,64,8,8/8/8/8/8/8/8/8,64,1,27.99,0.85,26.68,27.64,2371.0,7192.8,7.03
cold,256,write,rr,chunked,64,8,4,1,128,268435456,1,0.0444,0.044,0.048,6051.2,64,8,8/8/8/8/8/8/8/8,64,1,38.49,0.85,35.81,37.92,2371.0,6974.2,5.87
cold,384,write,rr,chunked,64,8,4,1,192,402653184,1,0.063,0.0625,0.065,6387.2,64,8,8/8/8/8/8/8/8/8,64,1,56.91,0.78,53.52,56.16,2379.0,7075.3,6.13
cold,512,write,rr,chunked,64,8,4,1,256,536870912,1,0.0811,0.0807,0.0862,6616.6,64,8,8/8/8/8/8/8/8/8,64,1,74.88,0.65,71.35,74.28,2374.0,7169.8,6.26
cold,1024,write,rr,chunked,64,8,4,1,512,1073741824,1,0.1982,0.1954,0.2034,5416.9,64,8,8/8/8/8/8/8/8/8,64,1,191.64,0.73,174.21,191.08,2370.0,5602.9,6.58
cold,2048,write,rr,chunked,64,8,4,1,1024,2147483648,1,0.412,0.4025,0.4248,5212.0,64,8,8/8/8/8/8/8/8/8,64,1,409.65,0.81,362.48,409.36,2364.0,5242.2,2.37
cold,4096,write,rr,chunked,64,8,4,1,2048,4294967296,1,0.8293,0.8166,0.8351,5178.7,64,8,8/8/8/8/8/8/8/8,64,1,815.09,0.85,646.25,814.52,2346.0,5269.3,14.26
warm,16,write,rr,chunked,64,8,4,1,8,16777216,0,0.0192,0.0148,0.0258,873.8,64,8,8/8/8/8/8/8/8/8,64,1,3.78,1.22,2.48,2.6,2349.0,4438.4,15.42
warm,32,write,rr,chunked,64,8,4,1,16,33554432,0,0.0202,0.0197,0.0247,1662.7,64,8,8/8/8/8/8/8/8/8,64,1,6.18,1.34,4.77,4.96,2336.0,5429.5,14.0
warm,64,write,rr,chunked,64,8,4,1,32,67108864,0,0.0198,0.0174,0.0287,3389.3,64,8,8/8/8/8/8/8/8/8,64,1,10.53,1.17,9.2,9.52,2338.0,6373.1,9.27
warm,128,write,rr,chunked,64,8,4,1,64,134217728,0,0.0279,0.0276,0.0286,4814.1,64,8,8/8/8/8/8/8/8/8,64,1,22.51,0.75,20.02,22.4,2356.0,5962.6,5.37
warm,192,write,rr,chunked,64,8,4,1,96,201326592,0,0.0338,0.0332,0.0344,5959.8,64,8,8/8/8/8/8/8/8/8,64,1,28.14,0.7,26.84,27.56,2353.0,7154.5,5.64
warm,256,write,rr,chunked,64,8,4,1,128,268435456,0,0.0439,0.0432,0.0467,6120.2,64,8,8/8/8/8/8/8/8/8,64,1,37.83,0.75,36.08,37.36,2360.0,7095.8,6.03
warm,384,write,rr,chunked,64,8,4,1,192,402653184,0,0.0846,0.0833,0.0883,4759.4,64,8,8/8/8/8/8/8/8/8,64,1,80.48,0.78,62.14,80.44,2362.0,5003.1,4.12
warm,512,write,rr,chunked,64,8,4,1,256,536870912,0,0.1135,0.1122,0.1154,4730.1,64,8,8/8/8/8/8/8/8/8,64,1,106.21,0.67,81.65,106.16,2363.0,5054.8,7.29
warm,1024,write,rr,chunked,64,8,4,1,512,1073741824,0,0.2309,0.22,0.2397,4649.8,64,8,8/8/8/8/8/8/8/8,64,1,221.79,0.59,195.56,221.76,2366.0,4841.3,9.13
warm,2048,write,rr,chunked,64,8,4,1,1024,2147483648,0,0.459,0.4368,0.4684,4679.0,64,8,8/8/8/8/8/8/8/8,64,1,458.52,0.78,400.85,458.48,2366.0,4683.5,0.45
warm,4096,write,rr,chunked,64,8,4,1,2048,4294967296,0,0.8598,0.8375,0.8688,4995.4,64,8,8/8/8/8/8/8/8/8,64,1,844.13,0.75,652.35,844.08,2355.0,5088.0,15.66
cold,16,write,rr,chunked,256,8,4,1,2,16777216,1,0.0082,0.0075,0.0086,2040.9,256,8,32/32/32/32/32/32/32/32,256,1,2.55,0.89,1.51,1.76,2308.0,6579.3,5.67
cold,32,write,rr,chunked,256,8,4,1,4,33554432,1,0.0112,0.0109,0.012,3001.3,256,8,32/32/32/32/32/32/32/32,256,1,4.12,0.74,3.1,3.52,2302.0,8144.3,7.06
cold,64,write,rr,chunked,256,8,4,1,8,67108864,1,0.0155,0.0149,0.0156,4340.8,256,8,32/32/32/32/32/32/32/32,256,1,8.8,0.88,7.15,8.28,2327.0,7626.0,6.66
cold,128,write,rr,chunked,256,8,4,1,16,134217728,1,0.0242,0.0236,0.0243,5555.3,256,8,32/32/32/32/32/32/32/32,256,1,17.83,0.93,14.92,17.16,2372.0,7527.6,6.33
cold,192,write,rr,chunked,256,8,4,1,24,201326592,1,0.0334,0.0327,0.038,6035.0,256,8,32/32/32/32/32/32/32/32,256,1,26.91,0.93,23.1,26.24,2373.0,7481.5,6.45
cold,256,write,rr,chunked,256,8,4,1,32,268435456,1,0.043,0.0424,0.0445,6236.8,256,8,32/32/32/32/32/32/32/32,256,1,36.4,0.93,31.55,35.72,2344.0,7374.6,6.64
cold,384,write,rr,chunked,256,8,4,1,48,402653184,1,0.0609,0.0601,0.0612,6611.6,256,8,32/32/32/32/32/32/32/32,256,1,54.4,0.85,47.27,54.12,2360.0,7401.7,6.5
cold,512,write,rr,chunked,256,8,4,1,64,536870912,1,0.0796,0.0782,0.0816,6744.5,256,8,32/32/32/32/32/32/32/32,256,1,72.64,0.85,63.78,72.08,2339.0,7390.8,6.96
cold,1024,write,rr,chunked,256,8,4,1,128,1073741824,1,0.1651,0.162,0.1683,6504.3,256,8,32/32/32/32/32/32/32/32,256,1,156.01,0.93,139.34,155.92,2345.0,6882.5,9.07
cold,2048,write,rr,chunked,256,8,4,1,256,2147483648,1,0.4001,0.39,0.4127,5366.8,256,8,32/32/32/32/32/32/32/32,256,1,398.69,0.98,352.38,398.16,2356.0,5386.3,1.45
cold,4096,write,rr,chunked,256,8,4,1,512,4294967296,1,0.7251,0.7052,0.7392,5922.9,256,8,32/32/32/32/32/32/32/32,256,1,699.13,1.01,637.46,698.64,2333.0,6143.3,26.02
warm,16,write,rr,chunked,256,8,4,1,2,16777216,0,0.0204,0.0192,0.0228,824.0,256,8,32/32/32/32/32/32/32/32,256,1,3.25,1.61,1.53,1.76,2303.0,5162.2,17.11
warm,32,write,rr,chunked,256,8,4,1,4,33554432,0,0.0204,0.0176,0.023,1646.4,256,8,32/32/32/32/32/32/32/32,256,1,4.57,1.46,3.05,3.52,2296.0,7342.3,15.81
warm,64,write,rr,chunked,256,8,4,1,8,67108864,0,0.0205,0.0196,0.028,3273.6,256,8,32/32/32/32/32/32/32/32,256,1,9.36,1.38,7.17,8.48,2319.0,7169.8,11.14
warm,128,write,rr,chunked,256,8,4,1,16,134217728,0,0.0228,0.0225,0.0283,5886.7,256,8,32/32/32/32/32/32/32/32,256,1,17.12,0.87,14.85,17.0,2327.0,7839.8,5.68
warm,192,write,rr,chunked,256,8,4,1,24,201326592,0,0.0321,0.0318,0.0331,6271.9,256,8,32/32/32/32/32/32/32/32,256,1,26.55,0.9,23.14,26.4,2339.0,7582.9,5.55
warm,256,write,rr,chunked,256,8,4,1,32,268435456,0,0.0416,0.0414,0.0424,6452.8,256,8,32/32/32/32/32/32/32/32,256,1,36.08,0.87,31.58,35.92,2345.0,7440.0,5.52
warm,384,write,rr,chunked,256,8,4,1,48,402653184,0,0.0753,0.0731,0.0787,5348.7,256,8,32/32/32/32/32/32/32/32,256,1,68.37,0.91,59.24,68.28,2352.0,5889.3,6.91
warm,512,write,rr,chunked,256,8,4,1,64,536870912,0,0.0986,0.0976,0.1054,5446.0,256,8,32/32/32/32/32/32/32/32,256,1,96.44,0.9,80.97,96.28,2355.0,5566.9,2.14
warm,1024,write,rr,chunked,256,8,4,1,128,1073741824,0,0.1922,0.1824,0.1984,5585.4,256,8,32/32/32/32/32/32/32/32,256,1,185.21,0.91,160.81,185.16,2356.0,5797.4,7.03
warm,2048,write,rr,chunked,256,8,4,1,256,2147483648,0,0.4384,0.4313,0.4625,4898.9,256,8,32/32/32/32/32/32/32/32,256,1,432.83,0.82,391.36,432.76,2366.0,4961.5,5.53
warm,4096,write,rr,chunked,256,8,4,1,512,4294967296,0,0.7363,0.7327,0.7526,5833.4,256,8,32/32/32/32/32/32/32/32,256,1,745.45,0.91,665.89,745.36,2356.0,5761.6,-9.18
cold,16,copy,rr,chunked,32,8,4,1,16,33554432,1,0.0255,0.0247,0.0265,1315.9,32,8,4/4/4/4/4/4/4/4,32,1,19.93,0.77,18.33,19.32,2392.0,1683.6,5.57
cold,32,copy,rr,chunked,32,8,4,1,32,67108864,1,0.0477,0.0472,0.0483,1405.7,32,8,4/4/4/4/4/4/4/4,32,1,42.33,0.69,38.28,41.72,2404.0,1585.4,5.41
cold,64,copy,rr,chunked,32,8,4,1,64,134217728,1,0.0828,0.0821,0.0869,1621.8,32,8,4/4/4/4/4/4/4/4,32,1,77.27,0.86,74.64,76.84,2408.0,1737.0,5.49
cold,128,copy,rr,chunked,32,8,4,1,128,268435456,1,0.1713,0.17,0.1718,1566.9,32,8,4/4/4/4/4/4/4/4,32,1,165.08,0.94,162.9,164.92,2399.0,1626.1,6.24
cold,192,copy,rr,chunked,32,8,4,1,192,402653184,1,0.2578,0.2535,0.2595,1562.0,32,8,4/4/4/4/4/4/4/4,32,1,252.46,0.81,238.36,251.72,2409.0,1594.9,5.32
cold,256,copy,rr,chunked,32,8,4,1,256,536870912,1,0.3376,0.3306,0.3437,1590.1,32,8,4/4/4/4/4/4/4/4,32,1,334.51,0.69,321.33,334.12,2407.0,1604.9,3.13
cold,384,copy,rr,chunked,32,8,4,1,384,805306368,1,0.5165,0.5132,0.5229,1559.1,32,8,4/4/4/4/4/4/4/4,32,1,511.19,0.67,495.06,510.56,2402.0,1575.4,5.32
cold,512,copy,rr,chunked,32,8,4,1,512,1073741824,1,0.7013,0.6904,0.7078,1531.1,32,8,4/4/4/4/4/4/4/4,32,1,699.74,0.76,686.92,699.12,2403.0,1534.5,1.55
cold,1024,copy,rr,chunked,32,8,4,1,1024,2147483648,1,1.4152,1.4112,1.4189,1517.5,32,8,4/4/4/4/4/4/4/4,32,1,1408.82,0.86,1395.19,1407.96,2397.0,1524.3,6.35
cold,2048,copy,rr,chunked,32,8,4,1,2048,4294967296,1,2.8958,2.8858,2.9098,1483.2,32,8,4/4/4/4/4/4/4/4,32,1,2882.16,0.77,2865.12,2882.16,2402.0,1490.2,13.65
cold,4096,copy,rr,chunked,32,8,4,1,4096,8589934592,1,5.4538,5.4423,5.4627,1575.0,32,8,4/4/4/4/4/4/4/4,32,1,5438.49,0.83,5421.54,5438.36,2396.0,1579.5,15.35
warm,16,copy,rr,chunked,32,8,4,1,16,33554432,0,0.02,0.0179,0.0262,1674.4,32,8,4/4/4/4/4/4/4/4,32,1,10.09,1.21,8.57,9.0,2390.0,3325.5,9.95
warm,32,copy,rr,chunked,32,8,4,1,32,67108864,0,0.0264,0.0262,0.0269,2540.0,32,8,4/4/4/4/4/4/4/4,32,1,21.79,0.67,20.36,21.16,2391.0,3079.8,4.63
warm,64,copy,rr,chunked,32,8,4,1,64,134217728,0,0.0475,0.0474,0.0482,2823.2,32,8,4/4/4/4/4/4/4/4,32,1,42.55,0.71,40.66,42.08,2394.0,3154.4,4.99
warm,128,copy,rr,chunked,32,8,4,1,128,268435456,0,0.09,0.0896,0.0914,2982.6,32,8,4/4/4/4/4/4/4/4,32,1,85.38,0.7,81.4,84.68,2386.0,3144.0,4.62
warm,192,copy,rr,chunked,32,8,4,1,192,402653184,0,0.2604,0.2588,0.2684,1546.2,32,8,4/4/4/4/4/4/4/4,32,1,255.43,0.63,247.68,255.24,2396.0,1576.4,4.99
warm,256,copy,rr,chunked,32,8,4,1,256,536870912,0,0.3414,0.3371,0.3504,1572.5,32,8,4/4/4/4/4/4/4/4,32,1,336.76,0.58,325.59,336.76,2396.0,1594.2,4.64
warm,384,copy,rr,chunked,32,8,4,1,384,805306368,0,0.5269,0.5169,0.5331,1528.5,32,8,4/4/4/4/4/4/4/4,32,1,528.45,0.59,504.68,528.44,2392.0,1523.9,-1.58
warm,512,copy,rr,chunked,32,8,4,1,512,1073741824,0,0.7262,0.7172,0.7324,1478.6,32,8,4/4/4/4/4/4/4/4,32,1,722.01,0.62,707.62,721.92,2396.0,1487.2,4.18
warm,1024,copy,rr,chunked,32,8,4,1,1024,2147483648,0,1.4435,1.4335,1.4525,1487.7,32,8,4/4/4/4/4/4/4/4,32,1,1437.47,0.66,1424.51,1437.36,2400.0,1493.9,6.0
warm,2048,copy,rr,chunked,32,8,4,1,2048,4294967296,0,2.921,2.9044,2.9353,1470.4,32,8,4/4/4/4/4/4/4/4,32,1,2930.53,0.86,2913.64,2930.48,2400.0,1465.6,-9.56
warm,4096,copy,rr,chunked,32,8,4,1,4096,8589934592,0,5.4694,5.4542,5.5122,1570.6,32,8,4/4/4/4/4/4/4/4,32,1,5449.4,0.74,5433.9,5449.32,2397.0,1576.3,19.96
cold,16,copy,rr,chunked,64,8,4,1,8,33554432,1,0.0167,0.0162,0.0185,2009.2,64,8,8/8/8/8/8/8/8/8,64,1,11.57,0.72,9.65,10.92,2388.0,2900.1,5.13
cold,32,copy,rr,chunked,64,8,4,1,16,67108864,1,0.0293,0.0289,0.0313,2287.3,64,8,8/8/8/8/8/8/8/8,64,1,23.77,0.89,21.8,22.88,2403.0,2823.3,5.57
cold,64,copy,rr,chunked,64,8,4,1,32,134217728,1,0.054,0.0515,0.0567,2483.7,64,8,8/8/8/8/8/8/8/8,64,1,48.18,0.89,43.72,47.36,2399.0,2785.8,5.86
cold,128,copy,rr,chunked,64,8,4,1,64,268435456,1,0.091,0.0903,0.095,2951.1,64,8,8/8/8/8/8/8/8/8,64,1,85.18,0.77,82.82,84.56,2398.0,3151.4,5.78
cold,192,copy,rr,chunked,64,8,4,1,96,402653184,1,0.1502,0.1478,0.1523,2680.0,64,8,8/8/8/8/8/8/8/8,64,1,147.57,0.76,139.26,146.96,2394.0,2728.6,2.67
cold,256,copy,rr,chunked,64,8,4,1,128,536870912,1,0.208,0.2052,0.2133,2580.8,64,8,8/8/8/8/8/8/8/8,64,1,202.23,0.82,193.74,201.6,2408.0,2654.8,5.79
cold,384,copy,rr,chunked,64,8,4,1,192,805306368,1,0.3015,0.2999,0.3058,2670.6,64,8,8/8/8/8/8/8/8/8,64,1,298.15,0.77,280.72,297.6,2408.0,2701.0,3.39
cold,512,copy,rr,chunked,64,8,4,1,256,1073741824,1,0.4094,0.3981,0.4138,2622.7,64,8,8/8/8/8/8/8/8/8,64,1,401.77,0.9,370.13,401.72,2393.0,2672.5,7.63
cold,1024,copy,rr,chunked,64,8,4,1,512,2147483648,1,0.8722,0.8634,0.8798,2462.2,64,8,8/8/8/8/8/8/8/8,64,1,869.34,0.86,835.76,868.48,2389.0,2470.2,2.83
cold,2048,copy,rr,chunked,64,8,4,1,1024,4294967296,1,1.7267,1.7139,1.7505,2487.3,64,8,8/8/8/8/8/8/8/8,64,1,1716.45,0.85,1689.62,1715.92,2394.0,2502.2,10.29
cold,4096,copy,rr,chunked,64,8,4,1,2048,8589934592,1,3.2252,3.2018,3.2384,2663.4,64,8,8/8/8/8/8/8/8/8,64,1,3217.35,0.73,3132.46,3216.92,2397.0,2669.9,7.88
warm,16,copy,rr,chunked,64,8,4,1,8,33554432,0,0.02,0.0195,0.023,1674.4,64,8,8/8/8/8/8/8/8/8,64,1,5.82,1.3,4.51,4.68,2362.0,5765.4,14.22
warm,32,copy,rr,chunked,64,8,4,1,16,67108864,0,0.0193,0.0178,0.026,3477.1,64,8,8/8/8/8/8/8/8/8,64,1,12.62,1.18,11.25,11.8,2369.0,5317.7,6.68
warm,64,copy,rr,chunked,64,8,4,1,32,134217728,0,0.0286,0.0284,0.029,4699.4,64,8,8/8/8/8/8/8/8/8,64,1,23.79,0.75,22.31,23.24,2371.0,5641.8,4.77
warm,128,copy,rr,chunked,64,8,4,1,64,268435456,0,0.0543,0.054,0.0555,4943.6,64,8,8/8/8/8/8/8/8/8,64,1,49.2,0.62,47.03,49.12,2374.0,5456.0,5.1
warm,192,copy,rr,chunked,64,8,4,1,96,402653184,0,0.1584,0.157,0.161,2542.3,64,8,8/8/8/8/8/8/8/8,64,1,154.23,0.63,146.81,153.6,2388.0,2610.7,4.15
warm,256,copy,rr,chunked,64,8,4,1,128,536870912,0,0.215,0.212,0.2194,2497.5,64,8,8/8/8/8/8/8/8/8,64,1,208.43,0.63,201.2,208.2,2395.0,2575.8,6.53
warm,384,copy,rr,chunked,64,8,4,1,192,805306368,0,0.313,0.3113,0.315,2573.0,64,8,8/8/8/8/8/8/8/8,64,1,310.0,0.63,293.61,309.92,2394.0,2597.8,2.98
warm,512,copy,rr,chunked,64,8,4,1,256,1073741824,0,0.4217,0.4054,0.4257,2546.4,64,8,8/8/8/8/8/8/8/8,64,1,401.98,0.62,389.27,401.92,2393.0,2671.1,19.68
warm,1024,copy,rr,chunked,64,8,4,1,512,2147483648,0,0.899,0.8815,0.9094,2388.7,64,8,8/8/8/8/8/8/8/8,64,1,897.38,0.71,867.12,897.32,2394.0,2393.1,1.63
warm,2048,copy,rr,chunked,64,8,4,1,1024,4294967296,0,1.7467,1.7204,1.7731,2458.8,64,8,8/8/8/8/8/8/8/8,64,1,1749.87,0.74,1699.31,1749.84,2395.0,2454.4,-3.13
warm,4096,copy,rr,chunked,64,8,4,1,2048,8589934592,0,3.2394,3.2244,3.2536,2651.7,64,8,8/8/8/8/8/8/8/8,64,1,3220.28,0.87,3130.26,3220.2,2398.0,2667.4,19.15
cold,16,copy,rr,chunked,256,8,4,1,2,33554432,1,0.0111,0.0101,0.0118,3017.5,256,8,32/32/32/32/32/32/32/32,256,1,5.34,0.81,3.85,4.76,2335.0,6283.6,5.78
cold,32,copy,rr,chunked,256,8,4,1,4,67108864,1,0.0163,0.0155,0.0189,4112.1,256,8,32/32/32/32/32/32/32/32,256,1,9.85,0.94,8.1,9.28,2373.0,6813.1,6.47
cold,64,copy,rr,chunked,256,8,4,1,8,134217728,1,0.027,0.0262,0.0294,4971.0,256,8,32/32/32/32/32/32/32/32,256,1,21.17,0.93,18.47,20.8,2380.0,6340.0,5.83
cold,128,copy,rr,chunked,256,8,4,1,16,268435456,1,0.0447,0.0442,0.0474,6010.5,256,8,32/32/32/32/32/32/32/32,256,1,39.16,0.97,34.48,38.4,2374.0,6854.8,5.5
cold,192,copy,rr,chunked,256,8,4,1,24,402653184,1,0.0654,0.0648,0.0678,6154.8,256,8,32/32/32/32/32/32/32/32,256,1,62.89,0.88,56.88,62.2,2380.0,6402.5,2.53
cold,256,copy,rr,chunked,256,8,4,1,32,536870912,1,0.086,0.0853,0.088,6244.1,256,8,32/32/32/32/32/32/32/32,256,1,79.97,0.97,73.74,79.92,2379.0,6713.4,6.01
cold,384,copy,rr,chunked,256,8,4,1,48,805306368,1,0.1414,0.1393,0.1452,5695.2,256,8,32/32/32/32/32/32/32/32,256,1,136.8,0.81,125.87,136.64,2379.0,5886.7,4.6
cold,512,copy,rr,chunked,256,8,4,1,64,1073741824,1,0.1856,0.184,0.1907,5785.8,256,8,32/32/32/32/32/32/32/32,256,1,181.37,0.89,171.48,180.92,2392.0,5920.2,4.21
cold,1024,copy,rr,chunked,256,8,4,1,128,2147483648,1,0.4047,0.3998,0.4112,5306.0,256,8,32/32/32/32/32/32/32/32,256,1,398.08,0.97,379.05,398.08,2387.0,5394.6,6.64
cold,2048,copy,rr,chunked,256,8,4,1,256,4294967296,1,0.8757,0.8567,0.8895,4904.7,256,8,32/32/32/32/32/32/32/32,256,1,864.56,0.93,809.29,863.8,2389.0,4967.8,11.13
cold,4096,copy,rr,chunked,256,8,4,1,512,8589934592,1,1.6926,1.6715,1.7044,5075.1,256,8,32/32/32/32/32/32/32/32,256,1,1671.0,0.93,1607.86,1670.96,2383.0,5140.6,21.56
warm,16,copy,rr,chunked,256,8,4,1,2,33554432,0,0.0202,0.019,0.0222,1657.8,256,8,32/32/32/32/32/32/32/32,256,1,4.54,1.58,3.16,3.72,2340.0,7390.8,15.7
warm,32,copy,rr,chunked,256,8,4,1,4,67108864,0,0.0201,0.0193,0.026,3342.1,256,8,32/32/32/32/32/32/32/32,256,1,8.5,1.54,6.99,8.16,2356.0,7895.2,11.58
warm,64,copy,rr,chunked,256,8,4,1,8,134217728,0,0.0246,0.0244,0.0253,5455.9,256,8,32/32/32/32/32/32/32/32,256,1,19.83,0.74,17.04,19.68,2364.0,6768.4,4.77
warm,128,copy,rr,chunked,256,8,4,1,16,268435456,0,0.0432,0.0427,0.0469,6213.7,256,8,32/32/32/32/32/32/32/32,256,1,38.48,0.9,32.84,38.32,2364.0,6976.0,4.72
warm,192,copy,rr,chunked,256,8,4,1,24,402653184,0,0.085,0.0802,0.0864,4735.9,256,8,32/32/32/32/32/32/32/32,256,1,80.56,0.74,74.3,80.52,2377.0,4998.2,4.46
warm,256,copy,rr,chunked,256,8,4,1,32,536870912,0,0.101,0.0999,0.106,5315.5,256,8,32/32/32/32/32/32/32/32,256,1,95.49,1.14,90.13,95.04,2392.0,5622.3,5.51
warm,384,copy,rr,chunked,256,8,4,1,48,805306368,0,0.165,0.1625,0.1657,4879.4,256,8,32/32/32/32/32/32/32/32,256,1,159.49,0.87,148.11,159.4,2370.0,5049.3,5.55
warm,512,copy,rr,chunked,256,8,4,1,64,1073741824,0,0.2021,0.2003,0.2112,5311.8,256,8,32/32/32/32/32/32/32/32,256,1,194.24,1.02,185.53,194.12,2387.0,5527.9,7.9
warm,1024,copy,rr,chunked,256,8,4,1,128,2147483648,0,0.4245,0.4103,0.4306,5058.6,256,8,32/32/32/32/32/32/32/32,256,1,420.23,0.83,397.28,420.04,2395.0,5110.3,4.29
warm,2048,copy,rr,chunked,256,8,4,1,256,4294967296,0,0.927,0.9141,0.9497,4633.2,256,8,32/32/32/32/32/32/32/32,256,1,922.41,0.99,864.96,922.36,2386.0,4656.2,4.58
warm,4096,copy,rr,chunked,256,8,4,1,512,8589934592,0,1.7075,1.6797,1.7367,5030.7,256,8,32/32/32/32/32/32/32/32,256,1,1702.05,0.99,1628.7,1701.92,2374.0,5046.8,5.47
