sweep_tag,op,mode,W,n_xcds,pattern,num_warps,unroll,wpc,n_iter,bytes,cold,time_ms,time_min_ms,time_max_ms,gbps,n_active,wgs_per_xcd,n_cus,max_wg_per_cu,kernel_span_us,start_skew_us,wg_time_mean_us,wg_time_max_us,sclk_mhz,gbps_in_kernel,overhead_us
pid_mod8_eq_xcc,,,256,1,,,,,,,,,,,,,,,,,,,,,,
rr32,read,rr,32,8,chunked,8,4,1,256,268435456,1,0.1541,0.1525,0.155,1742.2,32,4/4/4/4/4/4/4/4,32,1,148.65,0.82,144.0,148.16,2397.0,1805.8,5.43
rr32_plain,read,rr,32,8,chunked,8,4,1,256,268435456,1,0.1531,0.1523,0.1539,1753.1,32,4/4/4/4/4/4/4/4,32,1,148.57,0.9,143.91,147.92,2397.0,1806.8,4.55
packed32,read,packed,32,1,chunked,8,4,1,256,268435456,1,0.2056,0.2054,0.2073,1305.4,32,32/0/0/0/0/0/0/0,32,1,201.04,0.16,199.1,200.92,2363.0,1335.2,4.6
packed64,read,packed,64,2,chunked,8,4,1,256,536870912,1,0.206,0.2058,0.2061,2605.7,64,32/32/0/0/0/0/0/0,64,1,202.16,0.56,199.26,201.88,2343.0,2655.7,3.88
packed32_wpc2,read,packed,32,1,chunked,8,4,2,256,268435456,1,0.2075,0.2056,0.2112,1293.5,32,32/0/0/0/0/0/0/0,32,1,206.88,0.16,204.84,206.72,2349.0,1297.5,0.64
subset_x1x5,read,subset,64,2,chunked,8,4,1,256,536870912,1,0.206,0.2052,0.2079,2606.2,64,0/32/0/0/0/32/0/0,64,1,201.12,0.57,198.94,201.08,2377.0,2669.4,4.88
rr256,read,rr,256,8,chunked,8,4,1,256,2147483648,1,0.3533,0.3504,0.3554,6078.7,256,32/32/32/32/32/32/32/32,256,1,351.49,0.89,337.3,350.76,2324.0,6109.7,1.79
rr512_wpc2,read,rr,512,8,chunked,8,4,2,256,4294967296,1,0.714,0.7028,0.7188,6015.3,512,64/64/64/64/64/64/64/64,256,2,710.16,1.13,566.64,709.8,2278.0,6047.9,3.85
hwsel32cu_cap1,read,hwsel,32,8,chunked,8,4,1,256,268435456,1,0.1588,0.156,0.1608,1690.8,32,4/4/4/4/4/4/4/4,32,1,152.99,1.13,147.68,151.88,2394.0,1754.6,5.77
hwsel32cu_cap2,read,hwsel,64,8,chunked,8,4,2,256,536870912,1,0.3041,0.3032,0.3087,1765.5,64,8/8/8/8/8/8/8/8,32,2,297.75,3.33,230.13,294.48,2399.0,1803.1,6.33
hwsel64cu_cap1,read,hwsel,64,8,chunked,8,4,1,256,536870912,1,0.171,0.1696,0.1758,3139.6,64,8/8/8/8/8/8/8/8,64,1,169.47,1.33,163.04,168.56,2391.0,3167.9,1.53
