sweep_tag,xcds,n_sub,op,mode,pattern,W,num_warps,unroll,wpc,n_iter,bytes,cold,time_ms,time_min_ms,time_max_ms,gbps,n_active,n_xcds,wgs_per_xcd,n_cus,max_wg_per_cu,kernel_span_us,start_skew_us,wg_time_mean_us,wg_time_max_us,sclk_mhz,gbps_in_kernel,overhead_us
subset,0,1,read,subset,chunked,32,8,4,1,1024,1073741824,1,0.8061,0.8024,0.81,1332.0,32,1,32/0/0/0/0/0/0/0,32,1,798.16,0.08,792.8,798.16,2402.0,1345.3,7.95
subset,1,1,read,subset,chunked,32,8,4,1,1024,1073741824,1,0.8048,0.8016,0.8158,1334.1,32,1,0/32/0/0/0/0/0/0,32,1,800.6,0.08,796.08,800.56,2377.0,1341.2,4.25
subset,2,1,read,subset,chunked,32,8,4,1,1024,1073741824,1,0.807,0.8024,0.813,1330.5,32,1,0/0/32/0/0/0/0/0,32,1,802.52,0.04,796.46,802.52,2408.0,1338.0,4.51
subset,3,1,read,subset,chunked,32,8,4,1,1024,1073741824,1,0.8069,0.8015,0.8123,1330.8,32,1,0/0/0/32/0/0/0/0,32,1,796.84,0.04,792.97,796.8,2406.0,1347.5,10.03
subset,4,1,read,subset,chunked,32,8,4,1,1024,1073741824,1,0.8057,0.8034,0.8106,1332.6,32,1,0/0/0/0/32/0/0/0,32,1,804.56,0.04,798.29,804.52,2371.0,1334.6,1.19
subset,5,1,read,subset,chunked,32,8,4,1,1024,1073741824,1,0.8055,0.8035,0.8084,1333.0,32,1,0/0/0/0/0/32/0/0,32,1,798.92,0.08,793.76,798.88,2400.0,1344.0,6.57
subset,6,1,read,subset,chunked,32,8,4,1,1024,1073741824,1,0.8059,0.8033,0.811,1332.3,32,1,0/0/0/0/0/0/32/0,32,1,799.6,0.08,793.17,799.56,2398.0,1342.8,6.31
subset,7,1,read,subset,chunked,32,8,4,1,1024,1073741824,1,0.8043,0.8026,0.8118,1334.9,32,1,0/0/0/0/0/0/0/32,32,1,798.88,0.12,794.89,798.76,2367.0,1344.1,5.47
subset,0-1,2,read,subset,chunked,64,8,4,1,1024,2147483648,1,0.8078,0.8041,0.813,2658.4,64,2,32/32/0/0/0/0/0/0,64,1,803.72,0.19,793.97,803.68,2408.0,2671.9,4.09
subset,0-2,2,read,subset,chunked,64,8,4,1,1024,2147483648,1,0.8091,0.806,0.8131,2654.2,64,2,32/0/32/0/0/0/0/0,64,1,803.37,0.33,794.62,803.08,2383.0,2673.1,5.72
subset,0-3,2,read,subset,chunked,64,8,4,1,1024,2147483648,1,0.8101,0.8052,0.8142,2651.0,64,2,32/0/0/32/0/0/0/0,64,1,809.82,0.26,798.57,809.6,2377.0,2651.8,0.25
subset,0-4,2,read,subset,chunked,64,8,4,1,1024,2147483648,1,0.8091,0.8057,0.8124,2654.0,64,2,32/0/0/0/32/0/0/0,64,1,801.2,0.28,792.92,801.16,2377.0,2680.3,7.95
subset,0-5,2,read,subset,chunked,64,8,4,1,1024,2147483648,1,0.808,0.8045,0.8162,2657.9,64,2,32/0/0/0/0/32/0/0,64,1,811.72,0.44,799.03,811.68,2350.0,2645.6,-3.75
subset,0-6,2,read,subset,chunked,64,8,4,1,1024,2147483648,1,0.8077,0.8042,0.813,2658.6,64,2,32/0/0/0/0/0/32/0,64,1,803.61,0.61,793.93,803.0,2365.0,2672.3,4.14
subset,0-7,2,read,subset,chunked,64,8,4,1,1024,2147483648,1,0.8091,0.8057,0.8133,2654.2,64,2,32/0/0/0/0/0/0/32,64,1,804.03,0.59,798.84,803.56,2368.0,2670.9,5.06
subset,1-2,2,read,subset,chunked,64,8,4,1,1024,2147483648,1,0.8092,0.8053,0.8128,2653.9,64,2,0/32/32/0/0/0/0/0,64,1,808.65,0.49,797.54,808.2,2398.0,2655.6,0.54
subset,1-3,2,read,subset,chunked,64,8,4,1,1024,2147483648,1,0.8077,0.8023,0.8166,2658.9,64,2,0/32/0/32/0/0/0/0,64,1,798.24,0.33,792.89,798.2,2382.0,2690.3,9.43
subset,1-4,2,read,subset,chunked,64,8,4,1,1024,2147483648,1,0.8096,0.8072,0.8141,2652.4,64,2,0/32/0/0/32/0/0/0,64,1,809.16,0.84,799.08,809.16,2377.0,2654.0,0.47
subset,1-5,2,read,subset,chunked,64,8,4,1,1024,2147483648,1,0.8077,0.8061,0.8139,2658.8,64,2,0/32/0/0/0/32/0/0,64,1,803.76,0.72,794.13,803.04,2383.0,2671.8,3.93
subset,1-6,2,read,subset,chunked,64,8,4,1,1024,2147483648,1,0.8092,0.8031,0.8137,2653.9,64,2,0/32/0/0/0/0/32/0,64,1,799.91,0.75,792.85,799.6,2377.0,2684.7,9.28
subset,1-7,2,read,subset,chunked,64,8,4,1,1024,2147483648,1,0.8068,0.804,0.8134,2661.6,64,2,0/32/0/0/0/0/0/32,64,1,805.56,0.62,798.25,805.52,2385.0,2665.8,1.29
subset,2-3,2,read,subset,chunked,64,8,4,1,1024,2147483648,1,0.8104,0.8042,0.8129,2650.0,64,2,0/0/32/32/0/0/0/0,64,1,800.28,0.16,794.61,800.12,2377.0,2683.4,10.09
subset,2-4,2,read,subset,chunked,64,8,4,1,1024,2147483648,1,0.8107,0.8057,0.8161,2648.8,64,2,0/0/32/0/32/0/0/0,64,1,807.09,0.08,797.76,807.04,2385.0,2660.8,3.66
subset,2-5,2,read,subset,chunked,64,8,4,1,1024,2147483648,1,0.8098,0.8044,0.8146,2651.8,64,2,0/0/32/0/0/32/0/0,64,1,804.31,0.35,796.71,804.0,2387.0,2670.0,5.52
subset,2-6,2,read,subset,chunked,64,8,4,1,1024,2147483648,1,0.8097,0.8063,0.8137,2652.2,64,2,0/0/32/0/0/0/32/0,64,1,803.26,0.5,793.04,802.8,2370.0,2673.5,6.45
subset,2-7,2,read,subset,chunked,64,8,4,1,1024,2147483648,1,0.8086,0.8072,0.8124,2655.8,64,2,0/0/32/0/0/0/0/32,64,1,805.83,0.16,798.67,805.8,2396.0,2664.9,2.76
subset,3-4,2,read,subset,chunked,64,8,4,1,1024,2147483648,1,0.8084,0.8042,0.8148,2656.4,64,2,0/0/0/32/32/0/0/0,64,1,803.52,0.15,794.27,803.48,2397.0,2672.6,4.89
subset,3-5,2,read,subset,chunked,64,8,4,1,1024,2147483648,1,0.8099,0.8032,0.8127,2651.4,64,2,0/0/0/32/0/32/0/0,64,1,798.8,0.15,792.86,798.76,2372.0,2688.4,11.15
subset,3-6,2,read,subset,chunked,64,8,4,1,1024,2147483648,1,0.8097,0.8052,0.8139,2652.1,64,2,0/0/0/32/0/0/32/0,64,1,807.06,0.62,800.31,806.48,2373.0,2660.9,2.67
subset,3-7,2,read,subset,chunked,64,8,4,1,1024,2147483648,1,0.8078,0.8033,0.8125,2658.5,64,2,0/0/0/32/0/0/0/32,64,1,798.93,0.41,792.64,798.56,2384.0,2687.9,8.86
subset,4-5,2,read,subset,chunked,64,8,4,1,1024,2147483648,1,0.8087,0.8053,0.816,2655.5,64,2,0/0/0/0/32/32/0/0,64,1,804.2,0.24,797.78,803.96,2370.0,2670.3,4.49
subset,4-6,2,read,subset,chunked,64,8,4,1,1024,2147483648,1,0.8095,0.804,0.8124,2652.8,64,2,0/0/0/0/32/0/32/0,64,1,802.73,0.17,795.96,802.6,2362.0,2675.2,6.78
subset,4-7,2,read,subset,chunked,64,8,4,1,1024,2147483648,1,0.8102,0.8032,0.8124,2650.7,64,2,0/0/0/0/32/0/0/32,64,1,798.6,0.3,793.07,798.6,2396.0,2689.1,11.57
subset,5-6,2,read,subset,chunked,64,8,4,1,1024,2147483648,1,0.8086,0.8046,0.8122,2655.9,64,2,0/0/0/0/0/32/32/0,64,1,807.05,0.13,798.96,806.96,2358.0,2660.9,1.52
subset,5-7,2,read,subset,chunked,64,8,4,1,1024,2147483648,1,0.8074,0.8026,0.8115,2659.7,64,2,0/0/0/0/0/32/0/32,64,1,800.1,0.18,794.51,799.92,2372.0,2684.0,7.33
subset,6-7,2,read,subset,chunked,64,8,4,1,1024,2147483648,1,0.8078,0.8042,0.8155,2658.3,64,2,0/0/0/0/0/0/32/32,64,1,800.61,0.37,794.5,800.28,2343.0,2682.3,7.22
subset,0-1-2-3,4,read,subset,chunked,128,8,4,1,1024,4294967296,1,1.0715,1.0665,1.0755,4008.6,128,4,32/32/32/32/0/0/0/0,128,1,1066.23,0.35,1041.29,1065.92,2388.0,4028.2,5.22
subset,4-5-6-7,4,read,subset,chunked,128,8,4,1,1024,4294967296,1,1.0716,1.0672,1.0835,4008.2,128,4,0/0/0/0/32/32/32/32,128,1,1073.98,0.42,1036.26,1073.64,2384.0,3999.1,-2.43
subset,0-2-4-6,4,read,subset,chunked,128,8,4,1,1024,4294967296,1,0.8248,0.817,0.8348,5207.0,128,4,32/0/32/0/32/0/32/0,128,1,817.7,0.26,804.28,817.48,2388.0,5252.5,7.15
subset,1-3-5-7,4,read,subset,chunked,128,8,4,1,1024,4294967296,1,0.8197,0.8138,0.8277,5239.5,128,4,0/32/0/32/0/32/0/32,128,1,818.24,0.84,803.15,817.76,2379.0,5249.0,1.49
subset,0-1-4-5,4,read,subset,chunked,128,8,4,1,1024,4294967296,1,0.8216,0.8162,0.8271,5227.8,128,4,32/32/0/0/32/32/0/0,128,1,817.27,0.68,800.57,817.12,2384.0,5255.3,4.3
subset,2-3-6-7,4,read,subset,chunked,128,8,4,1,1024,4294967296,1,0.8208,0.8186,0.8327,5232.6,128,4,0/0/32/32/0/0/32/32,128,1,815.38,0.62,797.62,814.8,2392.0,5267.4,5.43
subset,0-1-2-3-4-5-6-7,8,read,subset,chunked,256,8,4,1,1024,8589934592,1,1.3718,1.3575,1.3859,6261.8,256,8,32/32/32/32/32/32/32/32,256,1,1374.58,0.8,1310.68,1373.96,2391.0,6249.1,-2.79
subset,0,1,write,subset,chunked,32,8,4,1,1024,1073741824,1,0.8228,0.8224,0.8247,1305.0,32,1,32/0/0/0/0/0/0/0,32,1,817.48,0.04,813.19,817.44,2377.0,1313.5,5.33
subset,1,1,write,subset,chunked,32,8,4,1,1024,1073741824,1,0.8238,0.8226,0.8257,1303.4,32,1,0/32/0/0/0/0/0/0,32,1,816.4,0.04,812.26,816.36,2432.0,1315.2,7.39
subset,2,1,write,subset,chunked,32,8,4,1,1024,1073741824,1,0.8233,0.8227,0.8275,1304.2,32,1,0/0/32/0/0/0/0/0,32,1,816.44,0.08,812.91,816.4,2405.0,1315.2,6.83
subset,3,1,write,subset,chunked,32,8,4,1,1024,1073741824,1,0.8231,0.8225,0.8258,1304.6,32,1,0/0/0/32/0/0/0/0,32,1,816.36,0.08,814.08,816.28,2397.0,1315.3,6.71
subset,4,1,write,subset,chunked,32,8,4,1,1024,1073741824,1,0.8234,0.8231,0.8252,1304.0,32,1,0/0/0/0/32/0/0/0,32,1,816.12,0.04,811.36,816.12,2376.0,1315.7,7.31
subset,5,1,write,subset,chunked,32,8,4,1,1024,1073741824,1,0.8237,0.8223,0.826,1303.6,32,1,0/0/0/0/0/32/0/0,32,1,815.88,0.04,813.0,815.84,2392.0,1316.1,7.79
subset,6,1,write,subset,chunked,32,8,4,1,1024,1073741824,1,0.8237,0.8225,0.8259,1303.6,32,1,0/0/0/0/0/0/32/0,32,1,815.8,0.08,814.01,815.76,2384.0,1316.2,7.87
subset,7,1,write,subset,chunked,32,8,4,1,1024,1073741824,1,0.8232,0.8224,0.825,1304.4,32,1,0/0/0/0/0/0/0/32,32,1,815.76,0.16,813.52,815.72,2374.0,1316.2,7.41
subset,0-1,2,write,subset,chunked,64,8,4,1,1024,2147483648,1,1.1639,1.1605,1.1675,1845.1,64,2,32/32/0/0/0/0/0/0,64,1,1154.72,0.34,1026.64,1154.72,2383.0,1859.7,9.15
subset,0-2,2,write,subset,chunked,64,8,4,1,1024,2147483648,1,0.8252,0.8242,0.8288,2602.3,64,2,32/0/32/0/0/0/0/0,64,1,819.16,0.19,814.93,819.12,2372.0,2621.6,6.07
subset,0-3,2,write,subset,chunked,64,8,4,1,1024,2147483648,1,0.825,0.8234,0.8286,2602.9,64,2,32/0/0/32/0/0/0/0,64,1,819.24,0.09,816.23,819.2,2374.0,2621.3,5.79
subset,0-4,2,write,subset,chunked,64,8,4,1,1024,2147483648,1,0.8259,0.823,0.8287,2600.2,64,2,32/0/0/0/32/0/0/0,64,1,821.24,0.34,815.17,821.24,2356.0,2614.9,4.65
subset,0-5,2,write,subset,chunked,64,8,4,1,1024,2147483648,1,0.825,0.823,0.8271,2603.0,64,2,32/0/0/0/0/32/0/0,64,1,817.9,0.26,812.32,817.64,2381.0,2625.6,7.11
subset,0-6,2,write,subset,chunked,64,8,4,1,1024,2147483648,1,0.8258,0.8234,0.8273,2600.5,64,2,32/0/0/0/0/0/32/0,64,1,818.28,0.76,813.32,817.52,2363.0,2624.4,7.51
subset,0-7,2,write,subset,chunked,64,8,4,1,1024,2147483648,1,0.8245,0.8225,0.828,2604.6,64,2,32/0/0/0/0/0/0/32,64,1,816.18,0.5,813.8,815.68,2371.0,2631.1,8.33
subset,1-2,2,write,subset,chunked,64,8,4,1,1024,2147483648,1,0.8246,0.8235,0.8278,2604.4,64,2,0/32/32/0/0/0/0/0,64,1,818.84,0.49,814.7,818.8,2401.0,2622.6,5.73
subset,1-3,2,write,subset,chunked,64,8,4,1,1024,2147483648,1,0.8253,0.8229,0.8284,2602.0,64,2,0/32/0/32/0/0/0/0,64,1,820.44,0.38,816.87,820.44,2375.0,2617.5,4.89
subset,1-4,2,write,subset,chunked,64,8,4,1,1024,2147483648,1,0.8248,0.8232,0.8274,2603.6,64,2,0/32/0/0/32/0/0/0,64,1,819.41,0.53,814.73,818.92,2385.0,2620.8,5.4
subset,1-5,2,write,subset,chunked,64,8,4,1,1024,2147483648,1,0.8246,0.8226,0.8274,2604.2,64,2,0/32/0/0/0/32/0/0,64,1,816.48,0.56,813.69,816.48,2389.0,2630.2,8.15
subset,1-6,2,write,subset,chunked,64,8,4,1,1024,2147483648,1,0.8251,0.8228,0.8291,2602.6,64,2,0/32/0/0/0/0/32/0,64,1,816.61,0.77,813.97,816.0,2383.0,2629.8,8.52
subset,1-7,2,write,subset,chunked,64,8,4,1,1024,2147483648,1,0.8239,0.8228,0.8269,2606.3,64,2,0/32/0/0/0/0/0/32,64,1,816.27,0.71,813.59,815.68,2380.0,2630.8,7.68
subset,2-3,2,write,subset,chunked,64,8,4,1,1024,2147483648,1,1.1628,1.1605,1.1687,1846.8,64,2,0/0/32/32/0/0/0/0,64,1,1154.12,0.31,1025.53,1154.08,2370.0,1860.7,8.67
subset,2-4,2,write,subset,chunked,64,8,4,1,1024,2147483648,1,0.8263,0.8228,0.828,2598.8,64,2,0/0/32/0/32/0/0/0,64,1,816.24,0.08,813.63,816.24,2368.0,2630.9,10.09
subset,2-5,2,write,subset,chunked,64,8,4,1,1024,2147483648,1,0.8251,0.8234,0.8277,2602.6,64,2,0/0/32/0/0/32/0/0,64,1,818.21,0.09,813.6,818.16,2379.0,2624.6,6.92
subset,2-6,2,write,subset,chunked,64,8,4,1,1024,2147483648,1,0.8255,0.8235,0.8268,2601.3,64,2,0/0/32/0/0/0/32/0,64,1,819.2,0.32,814.37,818.88,2385.0,2621.4,6.35
subset,2-7,2,write,subset,chunked,64,8,4,1,1024,2147483648,1,0.8249,0.8231,0.829,2603.2,64,2,0/0/32/0/0/0/0/32,64,1,820.68,0.18,814.77,820.6,2380.0,2616.7,4.25
subset,3-4,2,write,subset,chunked,64,8,4,1,1024,2147483648,1,0.8252,0.8237,0.8294,2602.4,64,2,0/0/0/32/32/0/0/0,64,1,818.99,0.47,813.99,818.56,2398.0,2622.1,6.22
subset,3-5,2,write,subset,chunked,64,8,4,1,1024,2147483648,1,0.8253,0.8232,0.8294,2602.1,64,2,0/0/0/32/0/32/0/0,64,1,816.6,0.34,813.49,816.6,2374.0,2629.8,8.69
subset,3-6,2,write,subset,chunked,64,8,4,1,1024,2147483648,1,0.8261,0.823,0.8281,2599.5,64,2,0/0/0/32/0/0/32/0,64,1,816.75,0.15,812.62,816.6,2376.0,2629.3,9.36
subset,3-7,2,write,subset,chunked,64,8,4,1,1024,2147483648,1,0.8269,0.8223,0.8283,2596.9,64,2,0/0/0/32/0/0/0/32,64,1,816.28,0.17,813.45,816.16,2379.0,2630.8,10.67
subset,4-5,2,write,subset,chunked,64,8,4,1,1024,2147483648,1,1.162,1.1572,1.1666,1848.1,64,2,0/0/0/0/32/32/0/0,64,1,1150.48,0.33,1025.25,1150.44,2383.0,1866.6,11.53
subset,4-6,2,write,subset,chunked,64,8,4,1,1024,2147483648,1,0.8274,0.8236,0.8306,2595.4,64,2,0/0/0/0/32/0/32/0,64,1,817.96,0.12,812.04,817.92,2382.0,2625.4,9.47
subset,4-7,2,write,subset,chunked,64,8,4,1,1024,2147483648,1,0.8248,0.8234,0.828,2603.7,64,2,0/0/0/0/32/0/0/32,64,1,817.88,0.18,814.05,817.84,2378.0,2625.7,6.89
subset,5-6,2,write,subset,chunked,64,8,4,1,1024,2147483648,1,0.825,0.8238,0.8298,2603.0,64,2,0/0/0/0/0/32/32/0,64,1,821.01,0.21,814.43,820.8,2362.0,2615.7,4.0
subset,5-7,2,write,subset,chunked,64,8,4,1,1024,2147483648,1,0.8244,0.8232,0.826,2605.0,64,2,0/0/0/0/0/32/0/32,64,1,819.73,0.17,816.48,819.68,2356.0,2619.7,4.64
subset,6-7,2,write,subset,chunked,64,8,4,1,1024,2147483648,1,1.1594,1.1567,1.1631,1852.2,64,2,0/0/0/0/0/0/32/32,64,1,1152.28,0.26,1026.63,1152.2,2376.0,1863.7,7.11
subset,0-1-2-3,4,write,subset,chunked,128,8,4,1,1024,4294967296,1,1.1686,1.1609,1.1713,3675.5,128,4,32/32/32/32/0/0/0/0,128,1,1154.34,0.14,1029.64,1154.2,2346.0,3720.7,14.21
subset,4-5-6-7,4,write,subset,chunked,128,8,4,1,1024,4294967296,1,1.1655,1.1568,1.1763,3685.0,128,4,0/0/0/0/32/32/32/32,128,1,1155.6,0.38,1026.43,1155.56,2375.0,3716.7,9.91
subset,0-2-4-6,4,write,subset,chunked,128,8,4,1,1024,4294967296,1,0.8354,0.8326,0.8386,5141.2,128,4,32/0/32/0/32/0/32/0,128,1,829.56,0.2,818.22,829.4,2349.0,5177.4,5.85
subset,1-3-5-7,4,write,subset,chunked,128,8,4,1,1024,4294967296,1,0.8345,0.8315,0.8392,5146.7,128,4,0/32/0/32/0/32/0/32,128,1,828.18,0.8,818.67,827.52,2349.0,5186.0,6.33
subset,0-1-4-5,4,write,subset,chunked,128,8,4,1,1024,4294967296,1,1.1668,1.1619,1.1723,3680.9,128,4,32/32/0/0/32/32/0/0,128,1,1155.56,0.6,1026.41,1155.0,2389.0,3716.8,11.25
subset,2-3-6-7,4,write,subset,chunked,128,8,4,1,1024,4294967296,1,1.1705,1.1641,1.1801,3669.4,128,4,0/0/32/32/0/0/32/32,128,1,1164.9,0.4,1022.43,1164.68,2349.0,3687.0,5.59
subset,0-1-2-3-4-5-6-7,8,write,subset,chunked,256,8,4,1,1024,8589934592,1,1.5029,1.4803,1.5313,5715.7,256,8,32/32/32/32/32/32/32/32,256,1,1502.34,0.93,1335.38,1502.0,2352.0,5717.7,0.54
subset,0,1,copy,subset,chunked,32,8,4,1,1024,2147483648,1,1.6405,1.6378,1.6493,1309.0,32,1,32/0/0/0/0/0/0/0,32,1,1633.08,0.04,1622.93,1633.08,2394.0,1315.0,7.46
subset,1,1,copy,subset,chunked,32,8,4,1,1024,2147483648,1,1.6348,1.6291,1.6475,1313.6,32,1,0/32/0/0/0/0/0/0,32,1,1631.68,0.08,1616.15,1631.64,2384.0,1316.1,3.1
subset,2,1,copy,subset,chunked,32,8,4,1,1024,2147483648,1,1.6419,1.6333,1.6471,1307.9,32,1,0/0/32/0/0/0/0/0,32,1,1627.56,0.04,1617.68,1627.56,2394.0,1319.4,14.36
subset,3,1,copy,subset,chunked,32,8,4,1,1024,2147483648,1,1.6371,1.6337,1.643,1311.7,32,1,0/0/0/32/0/0/0/0,32,1,1636.2,0.08,1621.78,1636.16,2379.0,1312.5,0.94
subset,4,1,copy,subset,chunked,32,8,4,1,1024,2147483648,1,1.6415,1.6394,1.6457,1308.3,32,1,0/0/0/0/32/0/0/0,32,1,1634.8,0.04,1617.66,1634.76,2377.0,1313.6,6.66
subset,5,1,copy,subset,chunked,32,8,4,1,1024,2147483648,1,1.6358,1.6272,1.6427,1312.8,32,1,0/0/0/0/0/32/0/0,32,1,1627.72,0.04,1610.58,1627.72,2387.0,1319.3,8.12
subset,6,1,copy,subset,chunked,32,8,4,1,1024,2147483648,1,1.6403,1.6333,1.6477,1309.2,32,1,0/0/0/0/0/0/32/0,32,1,1632.28,0.12,1621.47,1632.24,2382.0,1315.6,7.98
subset,7,1,copy,subset,chunked,32,8,4,1,1024,2147483648,1,1.6364,1.631,1.6423,1312.3,32,1,0/0/0/0/0/0/0/32,32,1,1628.28,0.12,1617.53,1628.28,2372.0,1318.9,8.1
subset,0-1,2,copy,subset,chunked,64,8,4,1,1024,4294967296,1,1.8114,1.8027,1.8391,2371.1,64,2,32/32/0/0/0/0/0/0,64,1,1810.51,0.43,1751.63,1810.12,2412.0,2372.2,0.89
subset,0-2,2,copy,subset,chunked,64,8,4,1,1024,4294967296,1,1.8111,1.7879,1.8359,2371.5,64,2,32/0/32/0/0/0/0/0,64,1,1814.08,0.3,1753.42,1814.08,2362.0,2367.6,-3.02
subset,0-3,2,copy,subset,chunked,64,8,4,1,1024,4294967296,1,1.8002,1.7759,1.8205,2385.8,64,2,32/0/0/32/0/0/0/0,64,1,1814.92,0.09,1746.32,1814.92,2372.0,2366.5,-14.72
subset,0-4,2,copy,subset,chunked,64,8,4,1,1024,4294967296,1,1.8004,1.7948,1.8158,2385.6,64,2,32/0/0/0/32/0/0/0,64,1,1790.36,0.57,1760.71,1790.36,2372.0,2398.9,10.04
subset,0-5,2,copy,subset,chunked,64,8,4,1,1024,4294967296,1,1.7915,1.7799,1.8038,2397.4,64,2,32/0/0/0/0/32/0/0,64,1,1788.04,0.16,1740.49,1788.0,2357.0,2402.1,3.48
subset,0-6,2,copy,subset,chunked,64,8,4,1,1024,4294967296,1,1.8068,1.796,1.8216,2377.1,64,2,32/0/0/0/0/0/32/0,64,1,1800.88,0.09,1747.6,1800.88,2370.0,2384.9,5.92
subset,0-7,2,copy,subset,chunked,64,8,4,1,1024,4294967296,1,1.7919,1.7824,1.8021,2396.8,64,2,32/0/0/0/0/0/0/32,64,1,1796.78,0.26,1745.59,1796.56,2378.0,2390.4,-4.84
subset,1-2,2,copy,subset,chunked,64,8,4,1,1024,4294967296,1,1.795,1.7893,1.8222,2392.7,64,2,0/32/32/0/0/0/0/0,64,1,1783.92,0.44,1749.89,1783.52,2382.0,2407.6,11.12
subset,1-3,2,copy,subset,chunked,64,8,4,1,1024,4294967296,1,1.7871,1.7743,1.8019,2403.3,64,2,0/32/0/32/0/0/0/0,64,1,1779.95,0.43,1733.49,1779.56,2383.0,2413.0,7.17
subset,1-4,2,copy,subset,chunked,64,8,4,1,1024,4294967296,1,1.7932,1.7768,1.8147,2395.1,64,2,0/32/0/0/32/0/0/0,64,1,1771.64,0.49,1730.75,1771.6,2381.0,2424.3,21.58
subset,1-5,2,copy,subset,chunked,64,8,4,1,1024,4294967296,1,1.7865,1.7701,1.7924,2404.1,64,2,0/32/0/0/0/32/0/0,64,1,1780.88,0.38,1735.92,1780.84,2366.0,2411.7,5.62
subset,1-6,2,copy,subset,chunked,64,8,4,1,1024,4294967296,1,1.7915,1.7758,1.8132,2397.4,64,2,0/32/0/0/0/0/32/0,64,1,1775.4,0.42,1731.78,1775.36,2399.0,2419.2,16.08
subset,1-7,2,copy,subset,chunked,64,8,4,1,1024,4294967296,1,1.7962,1.7647,1.8093,2391.2,64,2,0/32/0/0/0/0/0/32,64,1,1804.02,0.7,1736.29,1803.36,2370.0,2380.8,-7.86
subset,2-3,2,copy,subset,chunked,64,8,4,1,1024,4294967296,1,1.8086,1.7976,1.8171,2374.8,64,2,0/0/32/32/0/0/0/0,64,1,1807.01,0.13,1745.9,1806.92,2398.0,2376.8,1.57
subset,2-4,2,copy,subset,chunked,64,8,4,1,1024,4294967296,1,1.8005,1.7854,1.8189,2385.4,64,2,0/0/32/0/32/0/0/0,64,1,1794.73,0.37,1749.1,1794.4,2392.0,2393.1,5.79
subset,2-5,2,copy,subset,chunked,64,8,4,1,1024,4294967296,1,1.7902,1.7788,1.8013,2399.2,64,2,0/0/32/0/0/32/0/0,64,1,1781.46,0.22,1745.04,1781.28,2357.0,2410.9,8.72
subset,2-6,2,copy,subset,chunked,64,8,4,1,1024,4294967296,1,1.8035,1.7897,1.8137,2381.5,64,2,0/0/32/0/0/0/32/0,64,1,1806.66,0.08,1745.76,1806.6,2382.0,2377.3,-3.18
subset,2-7,2,copy,subset,chunked,64,8,4,1,1024,4294967296,1,1.7944,1.7781,1.8158,2393.6,64,2,0/0/32/0/0/0/0/32,64,1,1790.62,0.22,1751.47,1790.44,2394.0,2398.6,3.74
subset,3-4,2,copy,subset,chunked,64,8,4,1,1024,4294967296,1,1.7946,1.785,1.8105,2393.3,64,2,0/0/0/32/32/0/0/0,64,1,1788.46,0.66,1740.65,1787.8,2397.0,2401.5,6.14
subset,3-5,2,copy,subset,chunked,64,8,4,1,1024,4294967296,1,1.7805,1.7689,1.8012,2412.3,64,2,0/0/0/32/0/32/0/0,64,1,1786.71,0.35,1738.28,1786.36,2379.0,2403.8,-6.25
subset,3-6,2,copy,subset,chunked,64,8,4,1,1024,4294967296,1,1.791,1.7837,1.8089,2398.0,64,2,0/0/0/32/0/0/32/0,64,1,1795.0,0.55,1735.72,1795.0,2397.0,2392.7,-3.96
subset,3-7,2,copy,subset,chunked,64,8,4,1,1024,4294967296,1,1.7785,1.7741,1.8079,2415.0,64,2,0/0/0/32/0/0/0/32,64,1,1773.87,0.23,1739.11,1773.8,2368.0,2421.2,4.61
subset,4-5,2,copy,subset,chunked,64,8,4,1,1024,4294967296,1,1.8133,1.8027,1.8247,2368.5,64,2,0/0/0/0/32/32/0/0,64,1,1817.96,0.13,1745.29,1817.88,2391.0,2362.5,-4.62
subset,4-6,2,copy,subset,chunked,64,8,4,1,1024,4294967296,1,1.8031,1.7901,1.8183,2382.0,64,2,0/0/0/0/32/0/32/0,64,1,1797.4,0.17,1755.13,1797.36,2401.0,2389.5,5.72
subset,4-7,2,copy,subset,chunked,64,8,4,1,1024,4294967296,1,1.7971,1.7791,1.8281,2390.0,64,2,0/0/0/0/32/0/0/32,64,1,1773.39,0.35,1734.17,1773.12,2372.0,2421.9,23.69
subset,5-6,2,copy,subset,chunked,64,8,4,1,1024,4294967296,1,1.8011,1.7852,1.8259,2384.6,64,2,0/0/0/0/0/32/32/0,64,1,1798.0,0.24,1742.28,1797.8,2363.0,2388.7,3.14
subset,5-7,2,copy,subset,chunked,64,8,4,1,1024,4294967296,1,1.7874,1.7822,1.8052,2402.9,64,2,0/0/0/0/0/32/0/32,64,1,1780.44,0.44,1731.99,1780.28,2382.0,2412.3,7.0
subset,6-7,2,copy,subset,chunked,64,8,4,1,1024,4294967296,1,1.8109,1.7947,1.8271,2371.7,64,2,0/0/0/0/0/0/32/32,64,1,1798.84,0.16,1754.49,1798.76,2399.0,2387.6,12.08
subset,0-1-2-3,4,copy,subset,chunked,128,8,4,1,1024,8589934592,1,1.9474,1.9337,1.9781,4411.0,128,4,32/32/32/32/0/0/0/0,128,1,1943.2,0.52,1897.29,1942.88,2397.0,4420.5,4.2
subset,4-5-6-7,4,copy,subset,chunked,128,8,4,1,1024,8589934592,1,1.941,1.9236,1.9699,4425.4,128,4,0/0/0/0/32/32/32/32,128,1,1942.31,0.39,1900.36,1942.0,2388.0,4422.5,-1.27
subset,0-2-4-6,4,copy,subset,chunked,128,8,4,1,1024,8589934592,1,1.9396,1.9157,1.966,4428.8,128,4,32/0/32/0/32/0/32/0,128,1,1940.12,0.77,1893.06,1940.12,2393.0,4427.5,-0.56
subset,1-3-5-7,4,copy,subset,chunked,128,8,4,1,1024,8589934592,1,1.9149,1.8949,1.9441,4485.7,128,4,0/32/0/32/0/32/0/32,128,1,1920.54,0.82,1882.61,1919.76,2386.0,4472.7,-5.6
subset,0-1-4-5,4,copy,subset,chunked,128,8,4,1,1024,8589934592,1,1.9638,1.952,2.0135,4374.2,128,4,32/32/0/0/32/32/0/0,128,1,1956.76,0.64,1931.32,1956.76,2389.0,4389.9,7.02
subset,2-3-6-7,4,copy,subset,chunked,128,8,4,1,1024,8589934592,1,1.9685,1.9509,1.9747,4363.7,128,4,0/0/32/32/0/0/32/32,128,1,1966.31,0.25,1927.64,1966.12,2394.0,4368.6,2.19
subset,0-1-2-3-4-5-6-7,8,copy,subset,chunked,256,8,4,1,1024,17179869184,1,3.4292,3.3446,3.5093,5009.9,256,8,32/32/32/32/32/32/32/32,256,1,3460.22,0.85,3322.42,3459.6,2387.0,4965.0,-31.0
