sweep_tag,op,mode,pattern,W,num_warps,unroll,wpc,n_iter,bytes,cold,time_ms,time_min_ms,time_max_ms,gbps,n_active,n_xcds,wgs_per_xcd,n_cus,max_wg_per_cu,kernel_span_us,start_skew_us,wg_time_mean_us,wg_time_max_us,sclk_mhz,gbps_in_kernel,overhead_us
chunked,read,rr,chunked,1,8,4,1,1024,33554432,1,0.5523,0.5467,0.5574,60.8,1,1,1/0/0/0/0/0/0/0,1,1,542.4,0.0,542.4,542.4,2405.0,61.9,9.89
chunked,read,rr,chunked,2,8,4,1,1024,67108864,1,0.5448,0.5406,0.5506,123.2,2,2,1/1/0/0/0/0/0/0,2,1,543.31,0.15,535.76,543.16,2402.0,123.5,1.54
chunked,read,rr,chunked,4,8,4,1,1024,134217728,1,0.5546,0.5513,0.5601,242.0,4,4,1/1/1/1/0/0/0/0,4,1,556.53,0.73,544.66,555.8,2400.0,241.2,-1.9
chunked,read,rr,chunked,8,8,4,1,1024,268435456,1,0.559,0.5559,0.5636,480.2,8,8,1/1/1/1/1/1/1/1,8,1,554.21,0.77,543.55,553.44,2403.0,484.4,4.8
chunked,read,rr,chunked,16,8,4,1,1024,536870912,1,0.5648,0.5601,0.571,950.6,16,8,2/2/2/2/2/2/2/2,16,1,557.62,0.61,543.47,557.04,2398.0,962.8,7.17
chunked,read,rr,chunked,32,8,4,1,1024,1073741824,1,0.5888,0.5836,0.5923,1823.6,32,8,4/4/4/4/4/4/4/4,32,1,588.57,0.78,573.13,587.92,2400.0,1824.3,0.24
chunked,read,rr,chunked,64,8,4,1,1024,2147483648,1,0.6366,0.6314,0.6433,3373.3,64,8,8/8/8/8/8/8/8/8,64,1,639.41,0.7,617.12,638.84,2406.0,3358.5,-2.8
chunked,read,rr,chunked,128,8,4,1,1024,4294967296,1,0.7835,0.7638,0.8032,5481.6,128,8,16/16/16/16/16/16/16/16,128,1,784.16,0.57,762.11,783.76,2392.0,5477.2,-0.63
chunked,read,rr,chunked,256,8,4,1,1024,8589934592,1,1.5211,1.4779,1.5649,5647.3,256,8,32/32/32/32/32/32/32/32,256,1,1509.94,0.81,1408.98,1509.36,2377.0,5688.9,11.14
grid,read,rr,grid,1,8,4,1,1024,33554432,1,0.5529,0.5506,0.5572,60.7,1,1,1/0/0/0/0/0/0/0,1,1,546.32,0.0,546.32,546.32,2404.0,61.4,6.58
grid,read,rr,grid,2,8,4,1,1024,67108864,1,0.5517,0.5464,0.557,121.6,2,2,1/1/0/0/0/0/0/0,2,1,548.11,0.35,537.04,547.76,2404.0,122.4,3.62
grid,read,rr,grid,4,8,4,1,1024,134217728,1,0.5587,0.5538,0.5641,240.2,4,4,1/1/1/1/0/0/0/0,4,1,557.57,0.57,543.69,557.0,2400.0,240.7,1.13
grid,read,rr,grid,8,8,4,1,1024,268435456,1,0.5598,0.5557,0.5647,479.6,8,8,1/1/1/1/1/1/1/1,8,1,558.81,0.75,542.32,558.2,2408.0,480.4,0.95
grid,read,rr,grid,16,8,4,1,1024,536870912,1,0.5657,0.5598,0.5713,949.0,16,8,2/2/2/2/2/2/2/2,16,1,556.18,0.81,543.04,555.64,2401.0,965.3,9.54
grid,read,rr,grid,32,8,4,1,1024,1073741824,1,0.5836,0.5784,0.5926,1840.0,32,8,4/4/4/4/4/4/4/4,32,1,577.85,0.93,562.15,576.92,2396.0,1858.2,5.72
grid,read,rr,grid,64,8,4,1,1024,2147483648,1,0.631,0.6282,0.641,3403.2,64,8,8/8/8/8/8/8/8/8,64,1,627.44,0.85,605.69,627.36,2402.0,3422.6,3.59
grid,read,rr,grid,128,8,4,1,1024,4294967296,1,0.736,0.7289,0.7423,5835.5,128,8,16/16/16/16/16/16/16/16,128,1,724.94,0.78,705.69,724.2,2395.0,5924.6,11.07
grid,read,rr,grid,256,8,4,1,1024,8589934592,1,1.358,1.3501,1.3795,6325.4,256,8,32/32/32/32/32/32/32/32,256,1,1349.24,0.88,1289.31,1348.68,2381.0,6366.5,8.77
chunked,write,rr,chunked,1,8,4,1,1024,33554432,1,0.2253,0.2231,0.2258,148.9,1,1,1/0/0/0/0/0/0/0,1,1,216.68,0.0,216.68,216.68,2423.0,154.9,8.64
chunked,write,rr,chunked,2,8,4,1,1024,67108864,1,0.2254,0.2229,0.2259,297.7,2,2,1/1/0/0/0/0/0/0,2,1,217.11,0.51,216.28,216.6,2424.0,309.1,8.33
chunked,write,rr,chunked,4,8,4,1,1024,134217728,1,0.2256,0.2247,0.229,594.9,4,4,1/1/1/1/0/0/0/0,4,1,218.56,0.59,217.12,218.08,2409.0,614.1,7.06
chunked,write,rr,chunked,8,8,4,1,1024,268435456,1,0.2262,0.2251,0.2276,1186.6,8,8,1/1/1/1/1/1/1/1,8,1,218.68,0.82,217.56,218.16,2412.0,1227.5,7.54
chunked,write,rr,chunked,16,8,4,1,1024,536870912,1,0.2272,0.2266,0.2279,2362.8,16,8,2/2/2/2/2/2/2/2,16,1,220.19,0.74,218.44,219.6,2404.0,2438.2,7.03
chunked,write,rr,chunked,32,8,4,1,1024,1073741824,1,0.2611,0.2586,0.266,4113.0,32,8,4/4/4/4/4/4/4/4,32,1,255.5,0.82,246.02,254.72,2395.0,4202.5,5.56
chunked,write,rr,chunked,64,8,4,1,1024,2147483648,1,0.4163,0.3968,0.4285,5158.9,64,8,8/8/8/8/8/8/8/8,64,1,410.32,0.74,364.16,409.68,2362.0,5233.7,5.94
chunked,write,rr,chunked,128,8,4,1,1024,4294967296,1,0.7611,0.7483,0.7831,5643.2,128,8,16/16/16/16/16/16/16/16,128,1,771.64,0.7,672.59,771.12,2362.0,5566.0,-10.55
chunked,write,rr,chunked,256,8,4,1,1024,8589934592,1,1.5897,1.5738,1.6371,5403.6,256,8,32/32/32/32/32/32/32/32,256,1,1570.46,0.9,1420.29,1570.2,2343.0,5469.7,19.22
grid,write,rr,grid,1,8,4,1,1024,33554432,1,0.2245,0.2236,0.2308,149.5,1,1,1/0/0/0/0/0/0/0,1,1,217.68,0.0,217.68,217.68,2412.0,154.1,6.8
grid,write,rr,grid,2,8,4,1,1024,67108864,1,0.2247,0.223,0.2255,298.6,2,2,1/1/0/0/0/0/0/0,2,1,217.11,0.51,216.26,216.6,2424.0,309.1,7.63
grid,write,rr,grid,4,8,4,1,1024,134217728,1,0.2261,0.2243,0.2293,593.7,4,4,1/1/1/1/0/0/0/0,4,1,217.97,0.57,217.16,217.56,2415.0,615.8,8.11
grid,write,rr,grid,8,8,4,1,1024,268435456,1,0.227,0.2249,0.2279,1182.3,8,8,1/1/1/1/1/1/1/1,8,1,218.42,0.66,217.53,217.76,2412.0,1229.0,8.62
grid,write,rr,grid,16,8,4,1,1024,536870912,1,0.2383,0.232,0.2398,2252.9,16,8,2/2/2/2/2/2/2/2,16,1,231.31,0.73,220.83,230.72,2397.0,2321.0,6.99
grid,write,rr,grid,32,8,4,1,1024,1073741824,1,0.2543,0.2531,0.2574,4222.3,32,8,4/4/4/4/4/4/4/4,32,1,248.82,0.74,234.89,248.32,2395.0,4315.3,5.48
grid,write,rr,grid,64,8,4,1,1024,2147483648,1,0.4046,0.4025,0.4077,5307.1,64,8,8/8/8/8/8/8/8/8,64,1,398.05,0.78,312.19,397.4,2354.0,5395.0,6.59
grid,write,rr,grid,128,8,4,1,1024,4294967296,1,0.7452,0.7368,0.7505,5763.8,128,8,16/16/16/16/16/16/16/16,128,1,733.96,0.86,643.85,733.84,2354.0,5851.8,11.21
grid,write,rr,grid,256,8,4,1,1024,8589934592,1,1.4828,1.4567,1.5226,5792.9,256,8,32/32/32/32/32/32/32/32,256,1,1450.92,0.81,1330.02,1450.84,2340.0,5920.3,31.91
chunked,copy,rr,chunked,1,8,4,1,1024,67108864,1,1.0502,1.0449,1.056,63.9,1,1,1/0/0/0/0/0/0/0,1,1,1048.0,0.0,1048.0,1048.0,2413.0,64.0,2.23
chunked,copy,rr,chunked,2,8,4,1,1024,134217728,1,1.0503,1.0427,1.0567,127.8,2,2,1/1/0/0/0/0/0/0,2,1,1043.59,0.83,1024.18,1042.76,2416.0,128.6,6.68
chunked,copy,rr,chunked,4,8,4,1,1024,268435456,1,1.069,1.0616,1.0734,251.1,4,4,1/1/1/1/0/0/0/0,4,1,1068.31,0.57,1047.64,1067.96,2400.0,251.3,0.7
chunked,copy,rr,chunked,8,8,4,1,1024,536870912,1,1.0979,1.0917,1.1087,489.0,8,8,1/1/1/1/1/1/1/1,8,1,1086.89,0.71,1063.81,1086.24,2400.0,494.0,10.98
chunked,copy,rr,chunked,16,8,4,1,1024,1073741824,1,1.1936,1.1845,1.2007,899.6,16,8,2/2/2/2/2/2/2/2,16,1,1191.49,0.75,1166.36,1190.88,2396.0,901.2,2.1
chunked,copy,rr,chunked,32,8,4,1,1024,2147483648,1,1.4139,1.4076,1.4195,1518.9,32,8,4/4/4/4/4/4/4/4,32,1,1409.24,0.73,1395.26,1408.76,2400.0,1523.9,4.61
chunked,copy,rr,chunked,64,8,4,1,1024,4294967296,1,1.7215,1.7056,1.7449,2495.0,64,8,8/8/8/8/8/8/8/8,64,1,1713.9,0.89,1678.62,1713.32,2397.0,2506.0,7.56
chunked,copy,rr,chunked,128,8,4,1,1024,8589934592,1,1.9036,1.874,1.9341,4512.5,128,8,16/16/16/16/16/16/16/16,128,1,1901.2,0.7,1849.65,1901.2,2392.0,4518.2,2.4
chunked,copy,rr,chunked,256,8,4,1,1024,17179869184,1,3.4096,3.3422,3.4415,5038.7,256,8,32/32/32/32/32/32/32/32,256,1,3436.52,0.91,3311.8,3435.72,2389.0,4999.2,-26.9
grid,copy,rr,grid,1,8,4,1,1024,67108864,1,1.0468,1.0404,1.0515,64.1,1,1,1/0/0/0/0/0/0/0,1,1,1043.08,0.0,1043.08,1043.08,2402.0,64.3,3.67
grid,copy,rr,grid,2,8,4,1,1024,134217728,1,1.0474,1.0368,1.0585,128.1,2,2,1/1/0/0/0/0/0/0,2,1,1032.03,0.63,1020.68,1031.4,2417.0,130.1,15.38
grid,copy,rr,grid,4,8,4,1,1024,268435456,1,1.0689,1.0533,1.0792,251.1,4,4,1/1/1/1/0/0/0/0,4,1,1053.19,0.81,1040.19,1052.52,2399.0,254.9,15.72
grid,copy,rr,grid,8,8,4,1,1024,536870912,1,1.096,1.0809,1.0997,489.9,8,8,1/1/1/1/1/1/1/1,8,1,1092.38,0.6,1070.05,1091.88,2397.0,491.5,3.59
grid,copy,rr,grid,16,8,4,1,1024,1073741824,1,1.1906,1.1843,1.1994,901.9,16,8,2/2/2/2/2/2/2/2,16,1,1189.05,0.74,1163.96,1188.52,2405.0,903.0,1.54
grid,copy,rr,grid,32,8,4,1,1024,2147483648,1,1.331,1.3175,1.3381,1613.5,32,8,4/4/4/4/4/4/4/4,32,1,1329.53,0.74,1300.05,1328.92,2402.0,1615.2,1.44
grid,copy,rr,grid,64,8,4,1,1024,4294967296,1,1.5641,1.5398,1.5899,2746.0,64,8,8/8/8/8/8/8/8/8,64,1,1581.08,0.7,1542.15,1580.44,2396.0,2716.5,-17.0
grid,copy,rr,grid,128,8,4,1,1024,8589934592,1,1.8102,1.7798,1.8351,4745.4,128,8,16/16/16/16/16/16/16/16,128,1,1775.09,0.77,1735.5,1774.4,2395.0,4839.2,35.09
grid,copy,rr,grid,256,8,4,1,1024,17179869184,1,3.2956,3.2759,3.3221,5212.9,256,8,32/32/32/32/32/32/32/32,256,1,3317.28,0.85,3151.96,3317.24,2386.0,5178.9,-21.67
