sweep_tag,op,mode,W,splits,read_mb_per_tile,read_bytes,out_bytes,partial_bytes,time_ms,time_min_ms,time_max_ms,gbps,correct
direct,splitk,rr,32,1,1,33554432,8388608,0,0.0269,0.0265,0.0282,1246.4,1
twopass,splitk,rr,64,2,1,33554432,8388608,16777216,0.0242,0.0237,0.0268,1384.3,1
twopass,splitk,rr,128,4,1,33554432,8388608,33554432,0.025,0.0242,0.0266,1341.1,1
twopass,splitk,rr,256,8,1,33554432,8388608,67108864,0.0302,0.0299,0.0308,1110.3,1
atomic,splitk,rr,64,2,1,33554432,8388608,16777216,0.0694,0.0682,0.0707,483.8,1
atomic,splitk,rr,128,4,1,33554432,8388608,33554432,0.1174,0.1166,0.1195,285.8,1
atomic,splitk,rr,256,8,1,33554432,8388608,67108864,0.2234,0.2225,0.2261,150.2,1
direct,splitk,rr,32,1,4,134217728,8388608,0,0.0863,0.0852,0.0893,1556.0,1
twopass,splitk,rr,64,2,4,134217728,8388608,16777216,0.0575,0.057,0.0598,2335.8,1
twopass,splitk,rr,128,4,4,134217728,8388608,33554432,0.0439,0.0434,0.046,3058.7,1
twopass,splitk,rr,256,8,4,134217728,8388608,67108864,0.0493,0.0487,0.0496,2720.3,1
atomic,splitk,rr,64,2,4,134217728,8388608,16777216,0.0986,0.0974,0.101,1361.2,1
atomic,splitk,rr,128,4,4,134217728,8388608,33554432,0.1328,0.1318,0.134,1010.5,1
atomic,splitk,rr,256,8,4,134217728,8388608,67108864,0.2532,0.2339,0.2595,530.0,1
direct,splitk,rr,32,1,16,536870912,8388608,0,0.2978,0.2962,0.3024,1802.8,1
twopass,splitk,rr,64,2,16,536870912,8388608,16777216,0.1744,0.1729,0.1786,3079.1,1
twopass,splitk,rr,128,4,16,536870912,8388608,33554432,0.1168,0.1155,0.118,4598.0,1
twopass,splitk,rr,256,8,16,536870912,8388608,67108864,0.1092,0.1077,0.1183,4917.3,1
atomic,splitk,rr,64,2,16,536870912,8388608,16777216,0.2113,0.2104,0.2156,2541.0,1
atomic,splitk,rr,128,4,16,536870912,8388608,33554432,0.2055,0.2022,0.2101,2612.2,1
atomic,splitk,rr,256,8,16,536870912,8388608,67108864,0.3044,0.2944,0.3231,1763.5,1
direct,splitk,rr,32,1,64,2147483648,8388608,0,1.1784,1.1707,1.1909,1822.3,1
twopass,splitk,rr,64,2,64,2147483648,8388608,16777216,0.6729,0.6678,0.6817,3191.4,1
twopass,splitk,rr,128,4,64,2147483648,8388608,33554432,0.4253,0.42,0.4343,5049.5,1
twopass,splitk,rr,256,8,64,2147483648,8388608,67108864,0.3876,0.3796,0.4028,5541.0,1
atomic,splitk,rr,64,2,64,2147483648,8388608,16777216,0.6748,0.671,0.6825,3182.4,1
atomic,splitk,rr,128,4,64,2147483648,8388608,33554432,0.4725,0.469,0.4797,4544.5,1
atomic,splitk,rr,256,8,64,2147483648,8388608,67108864,0.5475,0.5354,0.5562,3922.3,1
