M,N,K,bias,out,src,gluon_tflops,aiter_pick_tflops,aiter_pick,aiter_kernel,hbl_kernels,pick_kernels_launched,gluon_ok,pick_ok,gluon_maxerr,pick_maxerr,gluon_ms,pick_ms,note
1024,4096,512,False,bfloat16,tuned,285.8,526.8,flydsl,flydsl_hgemm_abf16_wbf16_bf16_t128x128x64x3_ks1_w4x4x1_bias0_ktail0_gm0_pft_gfx950,,hgemm_bf16_t128x128x64x3_ks1_w4x4x1_gm0_bias0_lnt_pft_0,True,True,0.25,0.25,0.0150 0.0150,0.0082 0.0081,
2048,4096,512,False,bfloat16,tuned,499.1,622.6,torch,native,Cijk_Alik_Bljk_BBS_BH_Bias_HA_S_SAV_UserArgs_MT256x128x64_MI16x16x1_SN_LDSB1_AFC0_AFEM1_AFEM1_ASEM1_CLR1_CADS0_DTLA0_DTLB0_DTVA0_DTVB0_EPS0_FDSI0_GRPM1_GRVWA8_GRVWB8_GSU0_GSUAMB_GLS0_ISA950_IU1_K1_LDSTI0_LBSPPA1024_LBSPPB512_LBSPPM0_LPA16_LPB16_LPM0_LRVW8_LWPMn1_MIAV0_MIWT8_4_MO40_NTn1_NTA0_NTB0_NTC0_NTD0_NTM0_NEPBS0_NLCA1_NLCB1_ONLL1_PGR2_PLR1_PKA1_SIA3_SS1_SPO0_SRVW0_SSO0_SVW8_SK3_SKFTR0_SKXCCM0_TLDS1_ULSGRO0_USL1_UIOFGRO0_USFGRO0_VSn1_VWA8_VWB4_WSGRA0_WSGRB0_WS64_WG32_8_1,Cijk_Alik_Bljk_BBS_BH_Bias_HA_S_SAV_UserArgs_MT256x128x64_MI16x16x1_SN_LDSB1_AFC0_AFEM1_AFEM1_ASEM1_CLR1_CADS0_DTLA0_DTLB0_DTVA0_DTVB0_EPS0_FDSI0_GRPM1_GRVWA8_GRVWB8_GSU0_GSUAMB_GLS0_ISA950_IU1_K1_LDSTI0_LBSPPA1024_LBSPPB512_LBSPPM0_LPA16_LPB16_LPM0_LRVW8_LWPMn1_MIAV0_MIWT8_4_MO40_NTn1_NTA0_NTB0_NTC0_NTD0_NTM0_NEPBS0_NLCA1_NLCB1_ONLL1_PGR2_PLR1_PKA1_SIA3_SS1_SPO0_SRVW0_SSO0_SVW8_SK3_SKFTR0_SKXCCM0_TLDS1_ULSGRO0_USL1_UIOFGRO0_USFGRO0_VSn1_VWA8_VWB4_WSGRA0_WSGRB0_WS64_WG32_8_1,True,True,0.5,0.5,0.0172 0.0172,0.0138 0.0138,
4096,4096,512,False,bfloat16,tuned,860.4,813.2,torch,native,Cijk_Alik_Bljk_BBS_BH_Bias_HA_S_SAV_UserArgs_MT256x256x64_MI16x16x1_CMS_SN_LDSB0_AFC0_AFEM1_AFEM1_ASEM1_CLR1_CADS0_DTLA1_DTLB1_DTVA0_DTVB0_EPS0_FDSI0_GRPM1_GRVWA8_GRVWB8_GSU0_GSUAMB_GLS0_ISA950_IU1_K1_LDSTI0_LBSPPA1024_LBSPPB1024_LBSPPM0_LPA16_LPB16_LPM0_LRVW8_LWPMn1_MIAV0_MIWT8_8_MO40_NTn1_NTA0_NTB0_NTC0_NTD4_NTM0_NEPBS0_NLCA1_NLCB1_ONLL1_PGR2_PLR1_PKA1_SIA3_SS1_SPO0_SRVW0_SSO0_SVW8_SK3_SKFTR0_SKXCCM0_TLDS1_ULSGRO0_USL1_UIOFGRO0_USFGRO0_VSn1_VWA8_VWB8_WSGRA0_WSGRB0_WS64_WG32_8_1,Cijk_Alik_Bljk_BBS_BH_Bias_HA_S_SAV_UserArgs_MT256x256x64_MI16x16x1_CMS_SN_LDSB0_AFC0_AFEM1_AFEM1_ASEM1_CLR1_CADS0_DTLA1_DTLB1_DTVA0_DTVB0_EPS0_FDSI0_GRPM1_GRVWA8_GRVWB8_GSU0_GSUAMB_GLS0_ISA950_IU1_K1_LDSTI0_LBSPPA1024_LBSPPB1024_LBSPPM0_LPA16_LPB16_LPM0_LRVW8_LWPMn1_MIAV0_MIWT8_8_MO40_NTn1_NTA0_NTB0_NTC0_NTD4_NTM0_NEPBS0_NLCA1_NLCB1_ONLL1_PGR2_PLR1_PKA1_SIA3_SS1_SPO0_SRVW0_SSO0_SVW8_SK3_SKFTR0_SKXCCM0_TLDS1_ULSGRO0_USL1_UIOFGRO0_USFGRO0_VSn1_VWA8_VWB8_WSGRA0_WSGRB0_WS64_WG32_8_1,True,True,0.5,0.5,0.0200 0.0200,0.0211 0.0212,
4096,7168,512,False,bfloat16,tuned,883.6,860.3,flydsl,flydsl_hgemm_abf16_wbf16_bf16_t256x256x64x2_ks1_w2x4x1_bias0_ktail0_gm0_pht_gfx950,,hgemm_bf16_t256x256x64x2_ks1_w2x4x1_gm0_bias0_lnt_phti_0,True,True,0.5,0.5,0.0340 0.0340,0.0350 0.0349,
10240,7168,768,False,bfloat16,tuned,1063.6,416.4,opus,opus_gemm_persistent_512x128x256x64_2x4_16x16x32_0x0x0_nooob_4g_safe,,"void gemm_a16w16_persistent_4g_safe_kernel<opus_gemm_a16w16_persistent_traits_gfx950<512, opus::seq<128, 256, 64>, opus::tuple<std::bfloat16_t, std::bfloat16_t, std::bfloat16_t, float>, opus::seq<8, 8, 4>, opus::seq<2, 4, 1>, opus::seq<16, 16, 32>, false, 0, 17> >(opus_gemm_persistent_kargs_gfx950)",True,True,0.5,0.5,0.1059 0.1061,0.2655 0.2760,
4096,8192,1024,False,bfloat16,tuned,1184.8,1184.8,asm,_ZN5aiter24bf16gemm_bf16_tn_256x256E,,aiter::bf16gemm_bf16_tn_256x256,True,True,0.5,0.5,0.0579 0.0581,0.0581 0.0579,
8192,7168,1024,False,bfloat16,tuned,1164.4,1099.3,asm,_ZN5aiter24bf16gemm_bf16_tn_256x256E,,aiter::bf16gemm_bf16_tn_256x256,True,True,0.5,0.5,0.1031 0.1034,0.1097 0.1091,
32768,8192,1024,False,bfloat16,tuned,1237.4,1268.2,torch,native,Cijk_Alik_Bljk_BBS_BH_Bias_HA_S_SAV_UserArgs_MT256x256x64_MI16x16x1_CMS_SN_LDSB0_AFC0_AFEM1_AFEM1_ASEM1_CLR1_CADS0_DTLA1_DTLB1_DTVA0_DTVB0_EPS0_FDSI0_GRPM1_GRVWA8_GRVWB8_GSU0_GSUAMB_GLS0_ISA950_IU1_K1_LDSTI0_LBSPPA1024_LBSPPB1024_LBSPPM0_LPA16_LPB16_LPM0_LRVW8_LWPMn1_MIAV0_MIWT8_8_MO40_NTn1_NTA0_NTB0_NTC0_NTD4_NTM0_NEPBS0_NLCA1_NLCB1_ONLL1_PGR2_PLR1_PKA1_SIA3_SS1_SPO0_SRVW0_SSO0_SVW8_SK3_SKFTR0_SKXCCM0_TLDS1_ULSGRO0_USL1_UIOFGRO0_USFGRO0_VSn1_VWA8_VWB8_WSGRA0_WSGRB0_WS64_WG32_8_1,Cijk_Alik_Bljk_BBS_BH_Bias_HA_S_SAV_UserArgs_MT256x256x64_MI16x16x1_CMS_SN_LDSB0_AFC0_AFEM1_AFEM1_ASEM1_CLR1_CADS0_DTLA1_DTLB1_DTVA0_DTVB0_EPS0_FDSI0_GRPM1_GRVWA8_GRVWB8_GSU0_GSUAMB_GLS0_ISA950_IU1_K1_LDSTI0_LBSPPA1024_LBSPPB1024_LBSPPM0_LPA16_LPB16_LPM0_LRVW8_LWPMn1_MIAV0_MIWT8_8_MO40_NTn1_NTA0_NTB0_NTC0_NTD4_NTM0_NEPBS0_NLCA1_NLCB1_ONLL1_PGR2_PLR1_PKA1_SIA3_SS1_SPO0_SRVW0_SSO0_SVW8_SK3_SKFTR0_SKXCCM0_TLDS1_ULSGRO0_USL1_UIOFGRO0_USFGRO0_VSn1_VWA8_VWB8_WSGRA0_WSGRB0_WS64_WG32_8_1,True,True,0.5,0.5,0.4450 0.4436,0.4345 0.4325,
3072,2048,1536,False,bfloat16,untuned,605.0,880.3,opus,opus_gemm_mono_tile_512x128x256x64_2x4_16x16x32_0x0x0_nooob_4g_safe,,"void gemm_a16w16_mono_tile_4g_safe_kernel_gfx950<opus_gemm_a16w16_mono_tile_traits_gfx950<512, opus::seq<128, 256, 64>, opus::tuple<std::bfloat16_t, std::bfloat16_t, std::bfloat16_t, float>, opus::seq<8, 8, 8> > >(opus_gemm_mono_tile_kargs_gfx950)",True,True,1,1,0.0319 0.0320,0.0220 0.0220,
1024,6144,2048,False,float32,tuned,617.8,671.9,opus,opus_gemm_persistent_512x128x128x64_2x4_16x16x32_0x0x0,,"void gemm_a16w16_persistent_kernel<opus_gemm_a16w16_persistent_traits_gfx950<512, opus::seq<128, 128, 64>, opus::tuple<std::bfloat16_t, std::bfloat16_t, float, float>, opus::seq<8, 8, 4>, opus::seq<2, 4, 1>, opus::seq<16, 16, 32>, true, 0, 17> >(opus_gemm_persistent_kargs_gfx950)",True,True,0.000366,0.000366,0.0416 0.0418,0.0384 0.0384,
2048,6144,2048,False,float32,tuned,1083.0,1040.1,asm,_ZN5aiter24bf16gemm_bf16_tn_256x256E,,aiter::bf16gemm_bf16_tn_256x256,True,True,0.000366,0.000366,0.0476 0.0476,0.0497 0.0494,
8192,16384,2048,False,bfloat16,tuned,1373.2,1035.0,triton,auto,,_gemm_a16_w16_kernel_BLOCK_SIZE_M_256_BLOCK_SIZE_N_128_BLOCK_SIZE_K_64_GROUP_SIZE_M_8_NUM_KSPLIT_1_SPLITK_BLOCK_SIZE_2048_EVEN_K_1_EVEN_MN_1_cache_modifier_NONE_activation_NONE_use_activation_0_ADD_BIAS_0_SKIP_REDUCE_0,True,True,1,1,0.4005 0.4002,0.5359 0.5265,
2048,6144,3072,False,float32,tuned,1193.3,1151.2,asm,_ZN5aiter24bf16gemm_bf16_tn_256x256E,,aiter::bf16gemm_bf16_tn_256x256,True,True,0.000534,0.000534,0.0646 0.0650,0.0673 0.0670,
16384,1024,5120,False,float32,tuned,1464.0,1345.5,opus,opus_gemm_persistent_512x256x256x64_2x4_16x16x32_0x0x0_cA0cB0,,"void gemm_a16w16_persistent_kernel<opus_gemm_a16w16_persistent_traits_gfx950<512, opus::seq<256, 256, 64>, opus::tuple<std::bfloat16_t, std::bfloat16_t, float, float>, opus::seq<8, 8, 4>, opus::seq<2, 4, 1>, opus::seq<16, 16, 32>, true, 0, 0> >(opus_gemm_persistent_kargs_gfx950)",True,True,0.00107,0.00107,0.1174 0.1172,0.1280 0.1273,
