sweep_tag,footprint_total_mb,op,mode,pattern,W,num_warps,unroll,wpc,n_iter,passes,footprint_bytes,cold,n_active,n_xcds,wgs_per_xcd,n_cus,max_wg_per_cu,kernel_span_us,start_skew_us,wg_time_mean_us,wg_time_max_us,sclk_mhz,gbps_in_kernel,overhead_us,footprint_per_wg_kb,P,time_P_ms,time_4P_ms,gbps_4P,slope_gbps,slope_gbps_kernel
read_16KB,4.0,read,rr,chunked,256,4,4,1,4124,4124,4194304,1,256,8,32/32/32/32/32/32/32/32,256,1,444.53,0.93,441.83,443.88,2392.0,38911.5,10.35,16,1031,0.1211,0.4549,38025.9,38864.5,39365.7
read_32KB,8.0,read,rr,chunked,256,4,4,1,5680,2840,8388608,1,256,8,32/32/32/32/32/32/32/32,256,1,620.95,0.8,611.44,620.4,2384.0,38366.4,3.97,32,710,0.1667,0.6249,38122.5,38995.5,38765.4
read_48KB,12.0,read,rr,chunked,256,4,4,1,5772,1924,12582912,1,256,8,32/32/32/32/32/32/32/32,256,1,630.78,0.77,624.13,630.16,2379.0,38380.3,4.46,48,481,0.1677,0.6352,38110.6,38838.8,39008.2
read_64KB,16.0,read,rr,chunked,256,4,4,1,6112,1528,16777216,1,256,8,32/32/32/32/32/32/32/32,256,1,809.83,0.76,770.14,809.28,2392.0,31655.5,6.13,64,382,0.2115,0.816,31417.5,31805.9,31977.9
read_96KB,24.0,read,rr,chunked,256,4,4,1,6408,1068,25165824,1,256,8,32/32/32/32/32/32/32/32,256,1,855.69,0.78,812.31,855.12,2394.0,31409.9,4.64,96,267,0.2229,0.8603,31240.6,31625.1,31700.7
read_128KB,32.0,read,rr,chunked,256,4,4,1,7136,892,33554432,1,256,8,32/32/32/32/32/32/32/32,256,1,952.59,0.76,904.91,951.92,2380.0,31420.2,1.48,128,223,0.2473,0.9541,31371.6,31759.9,31681.0
read_192KB,48.0,read,rr,chunked,256,4,4,1,2112,176,50331648,1,256,8,32/32/32/32/32/32/32/32,256,1,1105.27,0.84,785.37,1104.68,2393.0,8014.7,5.0,192,44,0.2767,1.1103,7978.6,7970.0,8044.7
read_256KB,64.0,read,rr,chunked,256,4,4,1,1856,116,67108864,1,256,8,32/32/32/32/32/32/32/32,256,1,1010.83,0.8,933.09,1010.24,2390.0,7701.2,61.0,256,29,0.2673,1.0718,7263.0,7257.3,7831.2
read_512KB,128.0,read,rr,chunked,256,4,4,1,1920,60,134217728,1,256,8,32/32/32/32/32/32/32/32,256,1,1137.72,0.76,949.62,1137.68,2397.0,7078.2,12.83,512,15,0.2862,1.1505,6999.3,6988.1,7061.9
read_1024KB,256.0,read,rr,chunked,256,4,4,1,2048,32,268435456,1,256,8,32/32/32/32/32/32/32/32,256,1,1245.67,0.88,1012.09,1245.2,2384.0,6895.8,-50.02,1024,8,0.2943,1.1956,7184.3,7148.0,6811.4
read_2048KB,512.0,read,rr,chunked,256,4,4,1,1536,12,536870912,1,256,8,32/32/32/32/32/32/32/32,256,1,1011.65,0.8,982.62,1011.2,2392.0,6368.3,3.24,2048,3,0.2557,1.0149,6348.0,6364.4,6370.4
read_4096KB,1024.0,read,rr,chunked,256,4,4,1,2048,8,1073741824,1,256,8,32/32/32/32/32/32/32/32,256,1,1385.71,0.8,1332.32,1385.16,2389.0,6198.9,-4.52,4096,2,0.3541,1.3812,6219.2,6272.5,6217.7
write_16KB,4.0,write,rr,chunked,256,4,4,1,1552,1552,4194304,1,256,8,32/32/32/32/32/32/32/32,256,1,483.64,0.8,461.38,482.88,2382.0,13459.5,10.52,16,388,0.1333,0.4942,13172.9,13527.8,13868.2
write_32KB,8.0,write,rr,chunked,256,4,4,1,2432,1216,8388608,1,256,8,32/32/32/32/32/32/32/32,256,1,772.92,0.88,748.32,772.44,2390.0,13197.4,2.28,32,304,0.2004,0.7752,13158.5,13309.7,13255.5
write_48KB,12.0,write,rr,chunked,256,4,4,1,2568,856,12582912,1,256,8,32/32/32/32/32/32/32/32,256,1,842.96,0.8,806.62,842.92,2382.0,12777.6,-11.52,48,214,0.214,0.8314,12954.5,13084.3,12657.4
write_64KB,16.0,write,rr,chunked,256,4,4,1,1776,444,16777216,1,256,8,32/32/32/32/32/32/32/32,256,1,996.32,0.84,886.23,996.32,2356.0,7476.6,5.79,64,111,0.2564,1.0021,7433.4,7492.0,7494.2
write_96KB,24.0,write,rr,chunked,256,4,4,1,1800,300,25165824,1,256,8,32/32/32/32/32/32/32/32,256,1,1008.52,0.89,896.1,1008.52,2348.0,7486.0,7.31,96,75,0.2583,1.0158,7432.1,7475.0,7491.5
write_128KB,32.0,write,rr,chunked,256,4,4,1,1792,224,33554432,1,256,8,32/32/32/32/32/32/32/32,256,1,1017.69,0.88,900.81,1017.08,2343.0,7385.5,5.36,128,56,0.2607,1.023,7346.9,7394.9,7377.0
write_192KB,48.0,write,rr,chunked,256,4,4,1,1824,152,50331648,1,256,8,32/32/32/32/32/32/32/32,256,1,1027.57,0.88,914.72,1027.04,2364.0,7445.1,7.14,192,38,0.2649,1.0347,7393.8,7453.6,7468.4
write_256KB,64.0,write,rr,chunked,256,4,4,1,1792,112,67108864,1,256,8,32/32/32/32/32/32/32/32,256,1,1011.33,0.88,902.62,1010.56,2344.0,7432.0,5.72,256,28,0.2599,1.017,7390.2,7445.7,7439.4
write_512KB,128.0,write,rr,chunked,256,4,4,1,1792,56,134217728,1,256,8,32/32/32/32/32/32/32/32,256,1,1011.73,0.93,901.97,1011.12,2348.0,7429.1,5.8,512,14,0.2598,1.0175,7386.7,7439.8,7429.5
write_1024KB,256.0,write,rr,chunked,256,4,4,1,1792,28,268435456,1,256,8,32/32/32/32/32/32/32/32,256,1,1013.82,0.88,898.85,1013.16,2343.0,7413.7,2.89,1024,7,0.2597,1.0167,7392.7,7446.7,7399.0
write_2048KB,512.0,write,rr,chunked,256,4,4,1,1536,12,536870912,1,256,8,32/32/32/32/32/32/32/32,256,1,1171.62,0.95,940.57,1171.08,2332.0,5498.8,2.11,2048,3,0.2778,1.1737,5488.9,5393.3,5366.9
write_4096KB,1024.0,write,rr,chunked,256,4,4,1,2048,8,1073741824,1,256,8,32/32/32/32/32/32/32/32,256,1,1585.11,0.88,1282.87,1584.76,2330.0,5419.1,8.78,4096,2,0.3777,1.5939,5389.3,5297.2,5300.0
