sweep_tag,xcds,n_sub,cus_per_xcd,op,mode,pattern,W,num_warps,unroll,wpc,n_iter,passes,footprint_bytes,cold,n_active,n_xcds,wgs_per_xcd,n_cus,max_wg_per_cu,kernel_span_us,start_skew_us,wg_time_mean_us,wg_time_max_us,sclk_mhz,gbps_in_kernel,overhead_us,footprint_per_wg_kb,P,time_P_ms,time_4P_ms,gbps_4P,slope_gbps,slope_gbps_kernel
xcds_0,0,1,32,read,subset,chunked,32,8,4,1,1280,80,16777216,1,32,1,32/0/0/0/0/0/0/0,32,1,992.56,0.04,987.49,992.56,2409.0,1352.2,5.71,512,20,0.2544,0.9983,1344.5,1353.2,1354.1
xcds_1,1,1,32,read,subset,chunked,32,8,4,1,1280,80,16777216,1,32,1,0/32/0/0/0/0/0/0,32,1,993.36,0.04,988.18,993.36,2396.0,1351.1,5.09,512,20,0.2542,0.9984,1344.3,1352.6,1353.1
xcds_2,2,1,32,read,subset,chunked,32,8,4,1,1280,80,16777216,1,32,1,0/0/32/0/0/0/0/0,32,1,992.16,0.04,986.68,992.12,2395.0,1352.8,6.33,512,20,0.2545,0.9985,1344.2,1353.0,1355.3
xcds_3,3,1,32,read,subset,chunked,32,8,4,1,1280,80,16777216,1,32,1,0/0/0/32/0/0/0/0,32,1,993.52,0.08,987.8,993.52,2371.0,1350.9,5.19,512,20,0.2547,0.9987,1343.9,1353.0,1352.4
xcds_4,4,1,32,read,subset,chunked,32,8,4,1,1280,80,16777216,1,32,1,0/0/0/0/32/0/0/0,32,1,992.72,0.04,987.8,992.72,2375.0,1352.0,6.31,512,20,0.2551,0.999,1343.5,1353.2,1353.6
xcds_5,5,1,32,read,subset,chunked,32,8,4,1,1280,80,16777216,1,32,1,0/0/0/0/0/32/0/0,32,1,993.6,0.08,988.22,993.56,2391.0,1350.8,5.17,512,20,0.2549,0.9988,1343.8,1353.2,1353.2
xcds_6,6,1,32,read,subset,chunked,32,8,4,1,1280,80,16777216,1,32,1,0/0/0/0/0/0/32/0,32,1,994.8,0.08,987.23,994.76,2387.0,1349.2,4.47,512,20,0.2548,0.9993,1343.2,1352.1,1350.3
xcds_7,7,1,32,read,subset,chunked,32,8,4,1,1280,80,16777216,1,32,1,0/0/0/0/0/0/0/32,32,1,995.92,0.08,986.1,995.88,2386.0,1347.7,2.63,512,20,0.2548,0.9985,1344.1,1353.5,1349.3
xcds_0-1,0-1,2,32,read,subset,chunked,64,8,4,1,1280,80,33554432,1,64,2,32/32/0/0/0/0/0/0,64,1,994.88,0.63,986.56,994.8,2394.0,2698.2,4.17,512,20,0.2547,0.999,2686.9,2704.9,2704.8
xcds_0-1-2-3,0-1-2-3,4,32,read,subset,chunked,128,8,4,1,1024,64,67108864,1,128,4,32/32/32/32/0/0/0/0,128,1,1049.61,0.69,1037.45,1049.12,2373.0,4092.0,10.58,512,16,0.2716,1.0602,4051.1,4084.7,4099.6
xcds_4-5-6-7,4-5-6-7,4,32,read,subset,chunked,128,8,4,1,1024,64,67108864,1,128,4,0/0/0/0/32/32/32/32,128,1,1057.83,0.19,1036.93,1057.8,2369.0,4060.2,4.56,512,16,0.2719,1.0624,4042.8,4074.9,4076.9
xcds_0-2-4-6,0-2-4-6,4,32,read,subset,chunked,128,8,4,1,1280,80,67108864,1,128,4,32/0/32/0/32/0/32/0,128,1,994.57,0.74,987.6,994.32,2383.0,5398.0,5.5,512,20,0.2555,1.0001,5368.4,5407.6,5414.6
xcds_0-1-4-5,0-1-4-5,4,32,read,subset,chunked,128,8,4,1,1280,80,67108864,1,128,4,32/32/0/0/32/32/0/0,128,1,994.76,0.47,987.3,994.76,2388.0,5397.0,4.79,512,20,0.2551,0.9995,5371.1,5409.1,5420.7
xcds_0-1-2-3-4-5-6-7,0-1-2-3-4-5-6-7,8,32,read,subset,chunked,256,8,4,1,960,60,134217728,1,256,8,32/32/32/32/32/32/32/32,256,1,1079.89,0.61,974.68,1079.4,2391.0,7457.3,-3.18,512,15,0.2741,1.0767,7479.3,7525.3,7431.5
all8_1cu,0-1-2-3-4-5-6-7,8,1,read,subset,chunked,8,8,4,1,4096,8,134217728,1,8,8,1/1/1/1/1/1/1/1,8,1,1333.27,0.71,1277.7,1332.56,2396.0,805.3,0.84,16384,2,0.4362,1.3341,804.8,896.9,891.8
all8_2cu,0-1-2-3-4-5-6-7,8,2,read,subset,chunked,16,8,4,1,4096,16,134217728,1,16,8,2/2/2/2/2/2/2/2,16,1,1277.44,0.65,1219.13,1277.0,2395.0,1681.1,5.09,8192,4,0.3773,1.2825,1674.4,1779.3,1778.0
all8_4cu,0-1-2-3-4-5-6-7,8,4,read,subset,chunked,32,8,4,1,3584,28,134217728,1,32,8,4/4/4/4/4/4/4/4,32,1,1143.44,0.63,1093.3,1143.24,2390.0,3286.7,4.69,4096,7,0.3203,1.1481,3273.2,3404.9,3403.9
all8_8cu,0-1-2-3-4-5-6-7,8,8,read,subset,chunked,64,8,4,1,3072,48,134217728,1,64,8,8/8/8/8/8/8/8/8,64,1,1104.29,0.69,1057.56,1103.64,2391.0,5834.0,8.94,2048,12,0.3042,1.1132,5787.2,5972.6,6049.3
all8_16cu,0-1-2-3-4-5-6-7,8,16,read,subset,chunked,128,8,4,1,1920,60,134217728,1,128,8,16/16/16/16/16/16/16/16,128,1,1021.96,0.73,1000.96,1021.72,2395.0,7880.0,4.35,1024,15,0.2659,1.0263,7846.6,7942.9,7932.9
