sweep_tag,n_sub,cus_per_xcd,op,mode,pattern,W,num_warps,unroll,wpc,n_iter,passes,footprint_bytes,cold,n_active,n_xcds,wgs_per_xcd,n_cus,max_wg_per_cu,kernel_span_us,start_skew_us,wg_time_mean_us,wg_time_max_us,sclk_mhz,gbps_in_kernel,overhead_us,footprint_per_wg_kb,P,time_P_ms,time_4P_ms,gbps_4P,slope_gbps,slope_gbps_kernel
x0_1cu_4w_u4,1,1,read,subset,chunked,1,4,4,1,8992,2248,65536,1,1,1,1/0/0/0/0/0/0/0,1,1,960.44,0.0,960.44,960.44,2400.0,153.4,4.43,64,562,0.2447,0.9649,152.7,153.4,153.6
x0_1cu_8w_u4,1,1,read,subset,chunked,1,8,4,1,4496,2248,65536,1,1,1,1/0/0/0/0/0/0/0,1,1,960.68,0.0,960.68,960.68,2399.0,153.4,4.59,64,562,0.2447,0.9653,152.6,153.3,153.3
x0_1cu_16w_u4,1,1,read,subset,chunked,1,16,4,1,2200,2200,65536,1,1,1,1/0/0/0/0/0/0/0,1,1,942.84,0.0,942.84,942.84,2396.0,152.9,4.15,64,550,0.2418,0.947,152.3,153.3,152.9
x0_2cu_4w_u4,1,2,read,subset,chunked,2,4,4,1,8896,2224,131072,1,2,1,2/0/0/0/0/0/0/0,2,1,947.08,0.0,947.08,947.08,2407.0,307.8,8.65,64,556,0.2424,0.9557,305.0,306.5,308.1
x0_2cu_8w_u4,1,2,read,subset,chunked,2,8,4,1,4448,2224,131072,1,2,1,2/0/0/0/0/0/0/0,2,1,949.44,0.04,949.38,949.44,2402.0,307.0,6.15,64,556,0.2426,0.9556,305.1,306.6,307.0
x0_2cu_16w_u4,1,2,read,subset,chunked,2,16,4,1,2224,2224,131072,1,2,1,2/0/0/0/0/0/0/0,2,1,953.32,0.04,953.2,953.28,2396.0,305.8,4.93,64,556,0.2448,0.9582,304.2,306.5,306.1
x0_4cu_4w_u4,1,4,read,subset,chunked,4,4,4,1,8896,2224,262144,1,4,1,4/0/0/0/0/0/0/0,4,1,954.68,0.04,954.59,954.64,2388.0,610.7,0.85,64,556,0.2432,0.9555,610.1,613.9,611.3
x0_4cu_8w_u4,1,4,read,subset,chunked,4,8,4,1,4448,2224,262144,1,4,1,4/0/0/0/0/0/0/0,4,1,946.52,0.0,946.45,946.52,2409.0,615.9,9.29,64,556,0.2432,0.9558,610.0,613.6,618.4
x0_4cu_16w_u4,1,4,read,subset,chunked,4,16,4,1,2224,2224,262144,1,4,1,4/0/0/0/0/0/0/0,4,1,953.76,0.0,953.05,953.76,2396.0,611.3,5.61,64,556,0.2454,0.9594,607.7,612.4,611.9
x0_8cu_4w_u4,1,8,read,subset,chunked,8,4,4,1,8800,2200,524288,1,8,1,8/0/0/0/0/0/0/0,8,1,947.84,0.04,947.68,947.84,2380.0,1216.9,-1.09,64,550,0.2413,0.9467,1218.3,1226.4,1215.9
x0_8cu_8w_u4,1,8,read,subset,chunked,8,8,4,1,4448,2224,524288,1,8,1,8/0/0/0/0/0/0/0,8,1,954.92,0.04,954.7,954.92,2388.0,1221.1,3.25,64,556,0.2442,0.9582,1216.9,1224.8,1222.2
x0_8cu_16w_u4,1,8,read,subset,chunked,8,16,4,1,2200,2200,524288,1,8,1,8/0/0/0/0/0/0/0,8,1,939.96,0.04,939.42,939.96,2406.0,1227.1,8.73,64,550,0.2441,0.9487,1215.8,1227.8,1232.1
x0_16cu_4w_u4,1,16,read,subset,chunked,16,4,4,1,8704,2176,1048576,1,16,1,16/0/0/0/0/0/0/0,16,1,930.44,0.04,930.3,930.44,2398.0,2452.3,5.81,64,544,0.24,0.9362,2437.1,2458.0,2464.3
x0_16cu_8w_u4,1,16,read,subset,chunked,16,8,4,1,4352,2176,1048576,1,16,1,16/0/0/0/0/0/0/0,16,1,937.36,0.04,937.0,937.36,2381.0,2434.2,-0.65,64,544,0.2396,0.9367,2435.9,2454.9,2432.7
x0_16cu_16w_u4,1,16,read,subset,chunked,16,16,4,1,2176,2176,1048576,1,16,1,16/0/0/0/0/0/0/0,16,1,928.44,0.04,927.87,928.44,2409.0,2457.6,10.09,64,544,0.2413,0.9385,2431.2,2454.5,2467.9
x0_32cu_4w_u4,1,32,read,subset,chunked,32,4,4,1,7088,1772,2097152,1,32,1,32/0/0/0/0/0/0/0,32,1,920.28,0.04,892.98,920.24,2376.0,4038.1,6.81,64,443,0.2393,0.9271,4008.4,4052.2,4039.8
x0_32cu_8w_u4,1,32,read,subset,chunked,32,8,4,1,3968,1984,2097152,1,32,1,32/0/0/0/0/0/0/0,32,1,941.76,0.08,936.37,941.72,2377.0,4418.1,0.03,64,496,0.2413,0.9418,4417.9,4454.8,4416.8
x0_32cu_16w_u4,1,32,read,subset,chunked,32,16,4,1,2108,2108,2097152,1,32,1,32/0/0/0/0/0/0/0,32,1,911.0,0.2,909.81,910.88,2381.0,4852.7,7.57,64,527,0.2371,0.9186,4812.7,4865.1,4863.0
all8_1cu_4w_u4,8,1,read,subset,chunked,8,4,4,1,7360,1840,524288,1,8,8,1/1/1/1/1/1/1/1,8,1,790.48,0.76,785.83,789.72,2400.0,1220.4,3.94,64,460,0.2022,0.7944,1214.3,1221.7,1220.8
all8_1cu_8w_u4,8,1,read,subset,chunked,8,8,4,1,3648,1824,524288,1,8,8,1/1/1/1/1/1/1/1,8,1,782.36,0.7,777.92,782.36,2400.0,1222.3,4.89,64,456,0.2011,0.7872,1214.7,1223.7,1221.4
all8_1cu_16w_u4,8,1,read,subset,chunked,8,16,4,1,1824,1824,524288,1,8,8,1/1/1/1/1/1/1/1,8,1,783.43,0.76,781.37,783.04,2396.0,1220.7,4.36,64,456,0.2023,0.7878,1213.9,1225.0,1222.5
all8_2cu_4w_u4,8,2,read,subset,chunked,16,4,4,1,7232,1808,1048576,1,16,8,2/2/2/2/2/2/2/2,16,1,773.44,0.8,769.82,772.64,2408.0,2451.2,6.39,64,452,0.199,0.7798,2431.1,2448.1,2454.5
all8_2cu_8w_u4,8,2,read,subset,chunked,16,8,4,1,3584,1792,1048576,1,16,8,2/2/2/2/2/2/2/2,16,1,767.19,0.77,762.9,766.96,2408.0,2449.3,5.49,64,448,0.1977,0.7727,2431.8,2450.9,2454.3
all8_2cu_16w_u4,8,2,read,subset,chunked,16,16,4,1,1824,1824,1048576,1,16,8,2/2/2/2/2/2/2/2,16,1,781.73,0.85,778.74,780.88,2404.0,2446.6,8.23,64,456,0.2026,0.79,2421.1,2442.0,2457.7
all8_4cu_4w_u4,8,4,read,subset,chunked,32,4,4,1,7200,1800,2097152,1,32,8,4/4/4/4/4/4/4/4,32,1,775.85,0.76,770.43,775.16,2389.0,4865.5,3.37,64,450,0.1988,0.7792,4844.4,4877.9,4868.2
all8_4cu_8w_u4,8,4,read,subset,chunked,32,8,4,1,3600,1800,2097152,1,32,8,4/4/4/4/4/4/4/4,32,1,775.81,0.76,771.77,775.12,2387.0,4865.7,3.17,64,450,0.1987,0.779,4845.9,4878.8,4868.4
all8_4cu_16w_u4,8,4,read,subset,chunked,32,16,4,1,1708,1708,2097152,1,32,8,4/4/4/4/4/4/4/4,32,1,738.39,0.72,730.41,737.96,2403.0,4851.0,3.53,64,427,0.1907,0.7419,4827.9,4873.8,4861.6
all8_8cu_4w_u4,8,8,read,subset,chunked,64,4,4,1,7136,1784,4194304,1,64,8,8/8/8/8/8/8/8/8,64,1,773.55,0.73,764.52,773.32,2398.0,9673.1,1.1,64,446,0.1992,0.7746,9659.4,9753.2,9678.8
all8_8cu_8w_u4,8,8,read,subset,chunked,64,8,4,1,3632,1816,4194304,1,64,8,8/8/8/8/8/8/8/8,64,1,789.91,0.76,778.97,789.72,2394.0,9642.7,-0.96,64,454,0.2025,0.7889,9654.5,9741.9,9616.4
all8_8cu_16w_u4,8,8,read,subset,chunked,64,16,4,1,1832,1832,4194304,1,64,8,8/8/8/8/8/8/8/8,64,1,798.91,0.8,786.15,798.48,2399.0,9618.1,-1.28,64,458,0.2036,0.7976,9633.6,9702.0,9596.0
all8_16cu_4w_u4,8,16,read,subset,chunked,128,4,4,1,7104,1776,8388608,1,128,8,16/16/16/16/16/16/16/16,128,1,775.82,0.71,765.68,775.76,2383.0,19203.1,1.75,64,444,0.1995,0.7776,19160.0,19328.2,19200.3
all8_16cu_8w_u4,8,16,read,subset,chunked,128,8,4,1,3520,1760,8388608,1,128,8,16/16/16/16/16/16/16/16,128,1,762.3,0.68,755.39,761.72,2384.0,19367.6,2.83,64,440,0.1984,0.7651,19296.1,19539.4,19446.7
all8_16cu_16w_u4,8,16,read,subset,chunked,128,16,4,1,1744,1744,8388608,1,128,8,16/16/16/16/16/16/16/16,128,1,761.74,0.87,749.24,761.56,2396.0,19205.7,-0.02,64,436,0.1981,0.7617,19206.1,19468.2,19290.3
all8_32cu_4w_u4,8,32,read,subset,chunked,256,4,4,1,5792,1448,16777216,1,256,8,32/32/32/32/32/32/32/32,256,1,770.3,0.68,726.62,769.72,2385.0,31537.6,11.9,64,362,0.2063,0.7822,31057.6,31637.5,31893.9
all8_32cu_8w_u4,8,32,read,subset,chunked,256,8,4,1,3200,1600,16777216,1,256,8,32/32/32/32/32/32/32/32,256,1,777.98,0.72,756.77,777.36,2373.0,34504.2,-3.15,64,400,0.2014,0.7748,34644.7,35111.0,34568.4
all8_32cu_16w_u4,8,32,read,subset,chunked,256,16,4,1,1708,1708,16777216,1,256,8,32/32/32/32/32/32/32/32,256,1,749.15,0.92,737.54,748.6,2383.0,38250.7,1.06,64,427,0.1956,0.7502,38196.9,38751.6,38715.3
