sweep_tag,variant,op,mode,pattern,W,num_warps,unroll,wpc,n_iter,passes,footprint_bytes,bytes,cold,time_ms,time_min_ms,time_max_ms,gbps,n_active,n_xcds,wgs_per_xcd,n_cus,max_wg_per_cu,kernel_span_us,start_skew_us,wg_time_mean_us,wg_time_max_us,sclk_mhz,gbps_in_kernel,overhead_us,second_pass_us,second_pass_gbps
L2_64KB,cold_1pass,read,rr,chunked,256,8,4,1,2,1,16777216,16777216,1,0.0081,0.0073,0.0084,2081.5,256,8,32/32/32/32/32/32/32/32,256,1,3.82,0.87,2.63,3.04,2287.0,4391.9,4.24,0.45,37282.7
L2_64KB,warm_1pass,read,rr,chunked,256,8,4,1,2,1,16777216,16777216,0,0.0194,0.0172,0.0244,866.6,256,8,32/32/32/32/32/32/32/32,256,1,1.79,1.07,0.72,0.96,2294.0,9372.7,17.57,0.45,37282.7
L2_64KB,l2_evicted_1pass,read,rr,chunked,256,8,4,1,2,1,16777216,16777216,1,0.0143,0.0116,0.0814,1176.5,256,8,32/32/32/32/32/32/32/32,256,1,2.86,0.61,2.3,2.52,2339.0,5866.2,11.4,0.45,37282.7
L2_64KB,cold_2pass,read,rr,chunked,256,8,4,1,4,2,16777216,33554432,1,0.0085,0.0082,0.0091,3938.3,256,8,32/32/32/32/32/32/32/32,256,1,4.27,0.91,3.09,3.68,2316.0,7858.2,4.25,0.45,37282.7
MALL_512KB,cold_1pass,read,rr,chunked,256,8,4,1,16,1,134217728,134217728,1,0.0267,0.026,0.0295,5019.3,256,8,32/32/32/32/32/32/32/32,256,1,22.09,0.84,20.09,21.4,2391.0,6075.9,4.65,17.56,7643.4
MALL_512KB,warm_1pass,read,rr,chunked,256,8,4,1,16,1,134217728,134217728,0,0.0222,0.0214,0.0373,6035.0,256,8,32/32/32/32/32/32/32/32,256,1,18.38,0.83,16.6,18.24,2388.0,7302.4,3.86,17.56,7643.4
MALL_512KB,l2_evicted_1pass,read,rr,chunked,256,8,4,1,16,1,134217728,134217728,1,0.0271,0.0245,0.0358,4956.3,256,8,32/32/32/32/32/32/32/32,256,1,19.77,1.87,16.67,19.44,2377.0,6789.0,7.31,17.56,7643.4
MALL_512KB,cold_2pass,read,rr,chunked,256,8,4,1,32,2,134217728,268435456,1,0.0434,0.0428,0.0458,6179.4,256,8,32/32/32/32/32/32/32/32,256,1,39.65,0.88,36.11,39.16,2390.0,6770.1,3.79,17.56,7643.4
HBM_4096KB,cold_1pass,read,rr,chunked,256,8,4,1,128,1,1073741824,1073741824,1,0.18,0.177,0.1866,5966.5,256,8,32/32/32/32/32/32/32/32,256,1,175.17,0.92,167.71,175.08,2370.0,6129.7,4.79,170.69,6290.6
HBM_4096KB,warm_1pass,read,rr,chunked,256,8,4,1,128,1,1073741824,1073741824,0,0.1789,0.1775,0.1855,6000.5,256,8,32/32/32/32/32/32/32/32,256,1,179.64,1.02,166.8,179.6,2406.0,5977.2,-0.7,170.69,6290.6
HBM_4096KB,l2_evicted_1pass,read,rr,chunked,256,8,4,1,128,1,1073741824,1073741824,1,0.1804,0.179,0.186,5952.0,256,8,32/32/32/32/32/32/32/32,256,1,176.57,0.81,169.8,175.84,2388.0,6081.1,3.83,170.69,6290.6
HBM_4096KB,cold_2pass,read,rr,chunked,256,8,4,1,256,2,1073741824,2147483648,1,0.3511,0.3468,0.3634,6116.1,256,8,32/32/32/32/32/32/32/32,256,1,345.86,0.8,331.62,345.2,2389.0,6209.1,5.26,170.69,6290.6
