point,passes,footprint_mb,bytes,l2_req_per_line,l1_to_l2_rd_per_line,l1_to_l2_wr_per_line,l2_hit_rate,fabric_rd_frac,fabric_wr_frac,l2_writeback_per_line,TCP_TOTAL_CACHE_ACCESSES_sum,TCP_TCC_READ_REQ_sum,TCC_REQ_sum,TCC_HIT_sum,TCC_MISS_sum,TCC_EA0_RDREQ_sum,TCC_EA0_RDREQ_32B_sum,TCC_EA0_RDREQ_64B_sum,TCC_EA0_RDREQ_128B_sum,TCC_EA0_WRREQ_sum,TCC_EA0_WRREQ_64B_sum,TCC_WRITE_sum,TCC_WRITEBACK_sum,TCP_TCC_WRITE_REQ_sum
G:read_32KB,16,8.0,134217728,0.578,0.571,0.001,0.891,0.0627,0.0002,0.0004,2098432,598430,606368,540304,66064,65928,0,392,65536,384,384,768,432,768
G:read_48KB,16,12.0,201326592,0.91,0.905,0.0,0.9309,0.0626,0.0001,0.0003,3147008,1423000,1430938,1332106,98832,98696,0,392,98304,400,400,768,448,768
G:read_64KB,16,16.0,268435456,1.004,1.0,0.0,0.9374,0.0626,0.0001,0.0003,4195584,2097152,2105090,1973311,131778,131548,0,392,131156,512,512,768,560,768
G:read_128KB,16,32.0,536870912,1.002,1.0,0.0,0.9374,0.0626,0.0001,0.0002,8389888,4194304,4202242,3939110,263131,262704,0,392,262312,640,640,768,688,768
G:read_192KB,16,48.0,805306368,1.001,1.0,0.0,0.1516,0.8489,0.0001,0.0001,12584192,6291456,6299394,955278,5344116,5341044,0,461,5340583,654,635,768,699,768
G:read_512KB,16,128.0,2147483648,1.0,1.0,0.0,0.0004,1.0,0.0,0.0,33555712,16777216,16785154,7139,16778015,16777608,0,392,16777216,644,639,768,692,768
G:read_4096KB,2,1024.0,2147483648,1.0,1.0,0.0,0.0004,1.0,0.0,0.0,33555712,16777216,16785154,7144,16778009,16777608,0,392,16777216,663,638,768,707,768
G:write_32KB,16,8.0,134217728,2.008,0.0,2.001,0.9686,0.0002,0.0627,0.0629,2098432,0,2105172,2039100,66072,400,0,400,0,131456,131456,2097920,65952,2097920
G:write_48KB,16,12.0,201326592,2.005,0.0,2.0,0.9687,0.0001,0.0751,0.0753,3147008,0,3153751,3054911,98840,400,0,400,0,236282,236282,3146496,118373,3146496
G:write_64KB,16,16.0,268435456,2.004,0.0,2.0,0.9686,0.0001,0.9999,1.0001,4195584,0,4202318,4070463,131855,400,0,400,0,4193988,4193988,4195072,2097274,4195072
G:write_512KB,16,128.0,2147483648,2.0,0.0,2.0,0.5001,0.0,1.0,1.0,33555712,0,33562453,16784445,16778008,408,0,408,0,33555073,33555072,33555200,16777881,33555200
G:write_4096KB,2,1024.0,2147483648,2.0,0.0,2.0,0.5001,0.0,1.0,1.0,33555712,0,33562459,16784451,16778008,400,0,400,0,33555076,33555072,33555200,16777891,33555200
J:L2_64KB,1,16.0,16777216,1.062,1.0,0.006,0.0533,1.0015,0.002,0.0043,263424,131072,139152,7420,131732,131470,0,398,131072,512,512,768,560,768
J:MALL_512KB,1,128.0,134217728,1.008,1.0,0.001,0.0069,1.0002,0.0003,0.0007,2098432,1048576,1056656,7292,1049364,1048974,0,398,1048576,640,640,768,688,768
