M,N,K,out,tiles,v9_nobias,v9_bias,v10_nobias,v10_bias_orig,v10_bias_new,v11_nobias,v11_bias_orig,v11_bias_new,v12_nobias,v12_bias_orig,v12_bias_new,v13_nobias,v13_bias_orig,v13_bias_new,all_bias_correct
2048,2304,16384,bfloat16,72,629.0,631.2,634.8,633.1,629.9,635.7,637.4,637.1,631.9,632.9,632.0,634.9,633.7,636.2,True
16384,512,8192,bfloat16,128,982.7,983.3,996.5,975.7,985.7,998.6,983.9,982.0,990.5,987.3,983.5,994.3,985.1,986.0,True
16384,1024,7168,bfloat16,256,1423.3,1422.0,1428.4,1419.5,1421.4,1430.6,1424.9,1421.5,1428.1,1424.9,1425.8,1432.9,1423.9,1427.0,True
4096,8192,1024,bfloat16,512,1167.9,1151.9,1162.5,1138.3,1147.4,1200.0,1173.5,1173.8,1198.9,1180.7,1178.9,1180.6,1162.4,1155.5,True
8192,5120,25600,bfloat16,640,1379.6,1378.3,1381.1,1378.1,1376.6,1383.7,1383.3,1382.7,1384.6,1382.0,1382.1,1384.6,1384.6,1378.1,True
8192,8192,8192,bfloat16,1024,1476.6,1481.8,1484.1,1474.3,1476.5,1487.9,1483.5,1479.5,1488.7,1483.8,1484.2,1487.6,1480.5,1481.1,True
10240,8448,7168,bfloat16,1320,1346.9,1342.9,1350.3,1339.3,1344.0,1356.8,1349.6,1349.7,1359.2,1351.6,1351.7,1355.4,1351.1,1350.7,True
16384,8192,1024,bfloat16,2048,1231.2,1213.3,1238.0,1202.7,1222.3,1283.4,1247.3,1248.3,1280.4,1258.1,1259.0,1267.1,1246.2,1239.4,True
32768,5120,640,bfloat16,2560,1073.0,1054.8,1076.3,1037.4,1067.1,1136.9,1096.1,1089.4,1142.1,1110.7,1113.2,1123.9,1091.9,1094.7,True
32768,7168,1792,bfloat16,3584,1368.8,1353.4,1376.8,1348.8,1365.0,1402.7,1379.4,1376.6,1402.8,1386.3,1386.5,1396.2,1380.0,1379.0,True
16384,16384,4096,bfloat16,4096,1467.5,1470.8,1482.8,1462.7,1476.6,1494.5,1487.4,1469.9,1495.2,1488.7,1490.5,1499.1,1493.0,1502.3,True
32768,8192,7168,bfloat16,4096,1561.9,1553.2,1569.5,1561.4,1566.4,1586.8,1576.0,1575.9,1588.5,1575.9,1574.8,1583.8,1575.2,1575.1,True
