N,tiles,waves,us_median,us_p20,us_p80,tflops,correct
512,32,1,71.0,70.601,71.361,242.0,True
768,48,1,71.34,70.769,73.081,361.2,True
1024,64,1,72.081,71.529,72.713,476.7,True
1280,80,1,72.821,72.4,73.777,589.8,True
1536,96,1,74.281,73.921,74.865,693.8,True
1792,112,1,75.681,74.84,76.673,794.5,True
2048,128,1,77.601,77.089,78.201,885.5,True
2304,144,1,75.201,74.64,75.841,1028.0,True
2560,160,1,75.261,74.649,76.201,1141.4,True
2816,176,1,78.06,77.609,78.713,1210.5,True
3072,192,1,81.681,81.481,82.201,1262.0,True
3328,208,1,86.681,85.961,88.017,1288.3,True
3584,224,1,92.401,91.601,92.793,1301.5,True
3840,240,1,96.501,95.969,97.081,1335.2,True
4096,256,1,100.141,99.121,100.721,1372.5,True
4352,272,2,158.181,157.882,158.482,923.2,True
4608,288,2,158.722,158.361,159.402,974.1,True
4864,304,2,159.762,159.321,160.794,1021.6,True
5120,320,2,160.601,159.722,161.722,1069.7,True
5376,336,2,161.622,160.57,163.073,1116.1,True
5632,352,2,164.842,163.241,166.658,1146.4,True
5888,368,2,166.662,165.641,168.49,1185.4,True
6144,384,2,169.682,167.09,172.706,1215.0,True
6400,400,2,172.361,170.946,174.002,1245.9,True
6656,416,2,176.262,173.978,179.137,1267.1,True
6912,432,2,175.882,173.401,180.322,1318.7,True
7168,448,2,180.502,178.17,183.17,1332.5,True
7424,464,2,185.702,182.77,189.746,1341.4,True
7680,480,2,187.702,186.018,190.258,1372.9,True
7936,496,2,190.702,188.786,192.826,1396.4,True
8192,512,2,195.122,193.858,196.843,1408.7,True
8448,528,3,255.963,255.53,256.443,1107.5,True
8704,544,3,256.362,255.803,256.874,1139.2,True
8960,560,3,256.702,256.283,257.475,1171.2,True
9216,576,3,256.463,255.922,257.147,1205.8,True
9472,592,3,257.183,256.442,258.035,1235.8,True
9728,608,3,257.343,256.642,260.115,1268.4,True
9984,624,3,258.842,257.171,262.203,1294.3,True
10240,640,3,260.663,258.067,262.995,1318.2,True
10496,656,3,264.462,261.723,269.499,1331.7,True
10752,672,3,266.342,263.971,270.195,1354.6,True
11008,688,3,271.202,268.763,274.835,1362.0,True
11264,704,3,270.203,268.771,273.355,1398.8,True
11520,720,3,277.163,274.163,280.323,1394.7,True
11776,736,3,278.863,275.051,281.875,1417.0,True
12032,752,3,281.322,278.411,284.115,1435.1,True
12288,768,3,285.283,283.043,287.555,1445.3,True
12544,784,4,352.564,351.364,353.324,1193.8,True
12800,800,4,351.664,350.484,352.795,1221.3,True
13056,816,4,352.823,351.971,353.988,1241.7,True
13312,832,4,352.664,351.844,353.603,1266.6,True
13568,848,4,352.084,350.892,353.876,1293.1,True
13824,864,4,352.084,351.052,353.187,1317.5,True
14080,880,4,351.644,350.764,353.46,1343.5,True
14336,896,4,353.423,352.164,355.099,1361.1,True
14592,912,4,357.403,354.283,362.891,1370.0,True
14848,928,4,358.624,355.932,365.075,1389.2,True
15104,944,4,364.104,359.38,370.068,1391.9,True
15360,960,4,366.364,363.443,374.204,1406.8,True
15616,976,4,369.864,366.9,374.948,1416.7,True
15872,992,4,373.084,368.748,377.34,1427.5,True
16128,1008,4,376.044,373.803,381.628,1439.1,True
16384,1024,4,382.744,378.66,387.532,1436.4,True
