version,M,N,K,tiles,l2_hit_rate,TCC_HIT_sum,TCC_MISS_sum,TCC_REQ_sum,dispatches,correct
9,32768,5120,640,2560,0.7148,13143423,5244141,18387565,200,yes
9,4096,8192,1024,512,0.7516,3968629,1311736,5280365,200,yes
9,16384,8192,1024,2048,0.7504,15765109,5243896,21009005,200,yes
9,32768,7168,1024,3584,0.7381,27117413,9620231,36737645,200,yes
9,32768,8192,1024,4096,0.7502,31492746,10487778,41980525,200,yes
9,32768,5120,1280,2560,0.749,23589162,7905602,31494765,200,yes
9,32768,7168,1792,3584,0.7628,44818339,13939401,58757741,200,yes
9,32768,8192,2048,4096,0.7779,58755986,16778970,75534957,200,yes
9,2048,6144,3072,192,0.7704,3962636,1180664,5143300,200,yes
9,32768,5120,3200,2560,0.7758,54939477,15876887,70816365,200,yes
9,6144,129280,4096,12120,0.7752,327148173,94859231,422007405,200,yes
9,16384,16384,4096,4096,0.7941,113280541,29363279,142643821,200,yes
9,16384,5120,5120,1280,0.7836,43167093,11920631,55087725,200,yes
9,16384,12800,5120,3200,0.7882,108504633,29158451,137663085,200,yes
9,32768,6400,5120,3200,0.7506,103323429,34339655,137663085,200,yes
9,32768,12800,5120,6400,0.7678,211360600,63928084,275288685,200,yes
9,8192,9216,6144,1152,0.7934,46829145,12190739,59019885,200,yes
9,32768,9216,6144,4608,0.7923,186958795,49008289,235967085,200,yes
9,16384,5120,6400,1280,0.7878,53724150,14470774,68194925,200,yes
9,4096,16384,6656,1024,0.801,45387371,11273217,56660589,200,yes
9,10240,8448,7168,1320,0.7712,60489939,17944985,78434925,200,yes
9,10240,20480,7168,3200,0.7969,151490152,38601732,190091885,200,yes
9,16384,1024,7168,256,0.8021,12226164,3015672,15241837,200,yes
9,16384,2048,7168,512,0.8019,24415861,6030328,30446189,200,yes
9,16384,8192,7168,2048,0.8018,97552794,24119506,121672301,200,yes
9,32768,3584,7168,1792,0.7756,82575877,23892071,106467949,200,yes
9,32768,8192,7168,4096,0.8016,195036340,48270776,243307117,200,yes
9,8192,8192,8192,1024,0.8021,55542452,13701048,69243501,200,yes
9,16384,512,8192,128,0.6825,5917716,2753562,8671279,200,yes
9,16384,7168,8192,1792,0.7927,96035396,25112616,121148013,200,yes
9,16384,8192,8192,2048,0.8017,110997521,27451995,138449517,200,yes
9,32768,10240,8192,5120,0.7994,276656298,69411266,346067565,200,yes
9,16384,6144,12288,1536,0.8058,124234629,29943527,154178157,200,yes
9,32768,6144,12288,3072,0.8056,248371899,59946929,308318829,200,yes
9,1024,2304,16384,36,0.3915,1879606,2921504,4801111,200,yes
9,2048,2304,16384,72,0.6098,5853460,3745196,9598657,200,yes
9,8192,5120,25600,640,0.7969,105525858,26894346,132420205,200,yes
10,32768,5120,640,2560,0.7148,13142411,5245006,18387418,200,yes
10,4096,8192,1024,512,0.7516,3968474,1311744,5280218,200,yes
10,16384,8192,1024,2048,0.7504,15764951,5243906,21008858,200,yes
10,32768,7168,1024,3584,0.7381,27115570,9621927,36737498,200,yes
10,32768,8192,1024,4096,0.7501,31489742,10490635,41980378,200,yes
10,32768,5120,1280,2560,0.7485,23574341,7920276,31494618,200,yes
10,32768,7168,1792,3584,0.7638,44881276,13876317,58757594,200,yes
10,32768,8192,2048,4096,0.7778,58753654,16781155,75534810,200,yes
10,2048,6144,3072,192,0.7704,3962314,1180672,5142986,200,yes
10,32768,5120,3200,2560,0.7774,55051791,15764426,70816218,200,yes
10,6144,129280,4096,12120,0.7703,325086335,96920922,422007258,200,yes
10,16384,16384,4096,4096,0.794,113263944,29379729,142643674,200,yes
10,16384,5120,5120,1280,0.7846,43220255,11867322,55087578,200,yes
10,16384,12800,5120,3200,0.7881,108491424,29171513,137662938,200,yes
10,32768,6400,5120,3200,0.762,104897246,32765691,137662938,200,yes
10,32768,12800,5120,6400,0.7758,213572041,61716496,275288538,200,yes
10,8192,9216,6144,1152,0.7934,46828975,12190762,59019738,200,yes
10,32768,9216,6144,4608,0.7918,186850296,49116641,235966938,200,yes
10,16384,5120,6400,1280,0.7873,53692259,14502518,68194778,200,yes
10,4096,16384,6656,1024,0.801,45387192,11273249,56660442,200,yes
10,10240,8448,7168,1320,0.7692,60331061,18103716,78434778,200,yes
10,10240,20480,7168,3200,0.7969,151487027,38604710,190091738,200,yes
10,16384,1024,7168,256,0.8021,12226009,3015680,15241690,200,yes
10,16384,2048,7168,512,0.8019,24415705,6030336,30446042,200,yes
10,16384,8192,7168,2048,0.8017,97548102,24124051,121672154,200,yes
10,32768,3584,7168,1792,0.7745,82464038,24003763,106467802,200,yes
10,32768,8192,7168,4096,0.8009,194868066,48438903,243306970,200,yes
10,8192,8192,8192,1024,0.7913,54794659,14448694,69243354,200,yes
10,16384,512,8192,128,0.6825,5919040,2753555,8672596,200,yes
10,16384,7168,8192,1792,0.7879,95453847,25694018,121147866,200,yes
10,16384,8192,8192,2048,0.7941,109937720,28511649,138449370,200,yes
10,32768,10240,8192,5120,0.7874,272482620,73584797,346067418,200,yes
10,16384,6144,12288,1536,0.8053,124164164,30013845,154178010,200,yes
10,32768,6144,12288,3072,0.8022,247326662,60992019,308318682,200,yes
10,1024,2304,16384,36,0.3915,1879570,2921472,4801042,200,yes
10,2048,2304,16384,72,0.6099,5853833,3744768,9598601,200,yes
10,8192,5120,25600,640,0.797,105544313,26875744,132420058,200,yes
11,32768,5120,640,2560,0.7154,13157049,5232867,18389917,200,yes
11,4096,8192,1024,512,0.7517,3970909,1311808,5282717,200,yes
11,16384,8192,1024,2048,0.7504,15767389,5243968,21011357,200,yes
11,32768,7168,1024,3584,0.7397,27175478,9564518,36739997,200,yes
11,32768,8192,1024,4096,0.7502,31495808,10487068,41982877,200,yes
11,32768,5120,1280,2560,0.7466,23515483,7981633,31497117,200,yes
11,32768,7168,1792,3584,0.7646,44925342,13834750,58760093,200,yes
11,32768,8192,2048,4096,0.7779,58758997,16778311,75537309,200,yes
11,2048,6144,3072,192,0.7705,3964540,1180736,5145276,200,yes
11,32768,5120,3200,2560,0.7773,55045216,15773500,70818717,200,yes
11,6144,129280,4096,12120,0.7439,313944428,108065328,422009757,200,yes
11,16384,16384,4096,4096,0.7908,112810479,29835693,142646173,200,yes
11,16384,5120,5120,1280,0.7836,43166276,11923800,55090077,200,yes
11,16384,12800,5120,3200,0.7857,108160092,29505344,137665437,200,yes
11,32768,6400,5120,3200,0.763,105038132,32627304,137665437,200,yes
11,32768,12800,5120,6400,0.7649,210562481,64728555,275291037,200,yes
11,8192,9216,6144,1152,0.7932,46816722,12205514,59022237,200,yes
11,32768,9216,6144,4608,0.7894,186264932,49704504,235969437,200,yes
11,16384,5120,6400,1280,0.787,53671983,14525293,68197277,200,yes
11,4096,16384,6656,1024,0.8009,45383633,11279307,56662941,200,yes
11,10240,8448,7168,1320,0.7608,59673314,18763962,78437277,200,yes
11,10240,20480,7168,3200,0.7968,151470206,38624030,190094237,200,yes
11,16384,1024,7168,256,0.8022,12228445,3015744,15244189,200,yes
11,16384,2048,7168,512,0.8019,24418140,6030400,30448541,200,yes
11,16384,8192,7168,2048,0.8016,97536853,24137799,121674653,200,yes
11,32768,3584,7168,1792,0.775,82519244,23951056,106470301,200,yes
11,32768,8192,7168,4096,0.7996,194555914,48753554,243309469,200,yes
11,8192,8192,8192,1024,0.7724,53482042,15763810,69245853,200,yes
11,16384,512,8192,128,0.6825,5919757,2753622,8673380,200,yes
11,16384,7168,8192,1792,0.7772,94156452,26993912,121150365,200,yes
11,16384,8192,8192,2048,0.775,107302208,31149660,138451869,200,yes
11,32768,10240,8192,5120,0.7661,265118144,80951772,346069917,200,yes
11,16384,6144,12288,1536,0.8049,124092830,30087678,154180509,200,yes
11,32768,6144,12288,3072,0.7975,245882461,62438719,308321181,200,yes
11,1024,2304,16384,36,0.3915,1880064,2921560,4801624,200,yes
11,2048,2304,16384,72,0.6097,5855940,3749250,9605190,200,yes
11,8192,5120,25600,640,0.7969,105530306,26892250,132422557,200,yes
12,32768,5120,640,2560,0.7188,13407159,5245197,18652356,200,yes
12,4096,8192,1024,512,0.762,4225147,1320008,5545155,200,yes
12,16384,8192,1024,2048,0.7531,16021626,5252168,21273795,200,yes
12,32768,7168,1024,3584,0.7407,27407265,9595169,37002435,200,yes
12,32768,8192,1024,4096,0.7516,31750172,10495142,42245315,200,yes
12,32768,5120,1280,2560,0.7469,23721078,8038476,31759555,200,yes
12,32768,7168,1792,3584,0.7649,45149274,13873256,59022531,200,yes
12,32768,8192,2048,4096,0.7785,59013072,16786674,75799747,200,yes
12,2048,6144,3072,192,0.7774,4152990,1188936,5341926,200,yes
12,32768,5120,3200,2560,0.778,55298576,15782578,71081155,200,yes
12,6144,129280,4096,12120,0.7648,322940860,99331334,422272195,200,yes
12,16384,16384,4096,4096,0.7944,113528172,29380438,142908611,200,yes
12,16384,5120,5120,1280,0.7849,43458744,11907064,55365808,200,yes
12,16384,12800,5120,3200,0.7849,108254749,29673125,137927875,200,yes
12,32768,6400,5120,3200,0.7643,105412117,32515757,137927875,200,yes
12,32768,12800,5120,6400,0.7738,213233628,62319846,275553475,200,yes
12,8192,9216,6144,1152,0.7942,47081758,12202916,59284675,200,yes
12,32768,9216,6144,4608,0.7911,186954948,49359629,236314578,200,yes
12,16384,5120,6400,1280,0.7881,53952611,14507103,68459715,200,yes
12,4096,16384,6656,1024,0.8018,45643857,11281521,56925379,200,yes
12,10240,8448,7168,1320,0.761,59888319,18811395,78699715,200,yes
12,10240,20480,7168,3200,0.797,151712191,38644483,190356675,200,yes
12,16384,1024,7168,256,0.805,12482682,3023944,15506627,200,yes
12,16384,2048,7168,512,0.8034,24672379,6038600,30710979,200,yes
12,16384,8192,7168,2048,0.8021,97809169,24127921,121937091,200,yes
12,32768,3584,7168,1792,0.776,82820847,23911891,106732739,200,yes
12,32768,8192,7168,4096,0.8007,195022079,48549827,243571907,200,yes
12,8192,8192,8192,1024,0.7935,55153459,14354831,69508291,200,yes
12,16384,512,8192,128,0.6863,6042270,2761803,8804073,200,yes
12,16384,7168,8192,1792,0.7873,95583158,25829644,121412803,200,yes
12,16384,8192,8192,2048,0.7917,109825238,28889068,138714307,200,yes
12,32768,10240,8192,5120,0.7864,272373015,74000751,346373767,200,yes
12,16384,6144,12288,1536,0.8048,124288520,30154426,154442947,200,yes
12,32768,6144,12288,3072,0.7968,245885244,62698374,308583619,200,yes
12,1024,2304,16384,36,0.3945,1908824,2929736,4838560,200,yes
12,2048,2304,16384,72,0.612,5920338,3753035,9673373,200,yes
12,8192,5120,25600,640,0.7973,105796159,26888835,132684995,200,yes
13,32768,5120,640,2560,0.719,13412971,5242029,18655001,200,yes
13,4096,8192,1024,512,0.7621,4227729,1320072,5547801,200,yes
13,16384,8192,1024,2048,0.7531,16024208,5252232,21276441,200,yes
13,32768,7168,1024,3584,0.7399,27379134,9625946,37005081,200,yes
13,32768,8192,1024,4096,0.7516,31752783,10495177,42247961,200,yes
13,32768,5120,1280,2560,0.7476,23744563,8017637,31762201,200,yes
13,32768,7168,1792,3584,0.7647,45135091,13890085,59025177,200,yes
13,32768,8192,2048,4096,0.7785,59015682,16786710,75802393,200,yes
13,2048,6144,3072,192,0.7775,4155645,1189000,5344645,200,yes
13,32768,5120,3200,2560,0.7776,55275498,15808302,71083801,200,yes
13,6144,129280,4096,12120,0.7588,320434161,101860215,422294377,200,yes
13,16384,16384,4096,4096,0.7937,113433943,29477313,142911257,200,yes
13,16384,5120,5120,1280,0.7853,43468004,11887156,55355161,200,yes
13,16384,12800,5120,3200,0.7892,108852196,29078324,137930521,200,yes
13,32768,6400,5120,3200,0.7613,105012119,32918401,137930521,200,yes
13,32768,12800,5120,6400,0.7746,213457851,62098269,275556121,200,yes
13,8192,9216,6144,1152,0.7941,47080812,12206508,59287321,200,yes
13,32768,9216,6144,4608,0.7916,187010836,49223684,236234521,200,yes
13,16384,5120,6400,1280,0.788,53950614,14511746,68462361,200,yes
13,4096,16384,6656,1024,0.8018,45645459,11282565,56928025,200,yes
13,10240,8448,7168,1320,0.7647,60185897,18516463,78702361,200,yes
13,10240,20480,7168,3200,0.796,151519983,38839337,190359321,200,yes
13,16384,1024,7168,256,0.805,12485261,3024011,15509273,200,yes
13,16384,2048,7168,512,0.8034,24674961,6038664,30713625,200,yes
13,16384,8192,7168,2048,0.8019,97815844,24162704,121978549,200,yes
13,32768,3584,7168,1792,0.7752,82743288,23992096,106735385,200,yes
13,32768,8192,7168,4096,0.8007,195023808,48550744,243574553,200,yes
13,8192,8192,8192,1024,0.7804,54244961,15265975,69510937,200,yes
13,16384,512,8192,128,0.6864,6044394,2761873,8806268,200,yes
13,16384,7168,8192,1792,0.7794,94631174,26784274,121415449,200,yes
13,16384,8192,8192,2048,0.7764,107703425,31013527,138716953,200,yes
13,32768,10240,8192,5120,0.7664,265420012,80914988,346335001,200,yes
13,16384,6144,12288,1536,0.8044,124239173,30206419,154445593,200,yes
13,32768,6144,12288,3072,0.7988,246485568,62100696,308586265,200,yes
13,1024,2304,16384,36,0.3946,1909347,2929833,4839181,200,yes
13,2048,2304,16384,72,0.612,5920668,3753694,9674362,200,yes
13,8192,5120,25600,640,0.7972,105779612,26908028,132687641,200,yes
