version,M,N,K,tiles,time_us,tflops,dispatches,correct
9,32768,5120,640,2560,195.735,1097.1,1002,yes
9,4096,8192,1024,512,61.39,1119.4,1002,yes
9,16384,8192,1024,2048,226.836,1211.8,1002,yes
9,32768,7168,1024,3584,393.763,1221.6,1002,yes
9,32768,8192,1024,4096,452.663,1214.5,1002,yes
9,32768,5120,1280,2560,342.566,1253.8,1002,yes
9,32768,7168,1792,3584,642.007,1311.2,1002,yes
9,32768,8192,2048,4096,828.683,1326.8,1002,yes
9,2048,6144,3072,192,65.263,1184.6,1002,yes
9,32768,5120,3200,2560,789.058,1360.8,1002,yes
9,6144,129280,4096,12120,4622.298,1407.7,1002,yes
9,16384,16384,4096,4096,1571.749,1399.1,1002,yes
9,16384,5120,5120,1280,619.769,1386.0,1002,yes
9,16384,12800,5120,3200,1553.807,1382.1,1002,yes
9,32768,6400,5120,3200,1563.57,1373.4,1002,yes
9,32768,12800,5120,6400,3032.378,1416.4,1002,yes
9,8192,9216,6144,1152,683.664,1357.0,1002,yes
9,32768,9216,6144,4608,2591.248,1432.1,1002,yes
9,16384,5120,6400,1280,765.222,1403.2,1002,yes
9,4096,16384,6656,1024,635.671,1405.4,1002,yes
9,10240,8448,7168,1320,955.812,1297.5,1002,yes
9,10240,20480,7168,3200,2151.194,1397.6,1002,yes
9,16384,1024,7168,256,176.596,1362.0,1002,yes
9,16384,2048,7168,512,347.19,1385.5,1002,yes
9,16384,8192,7168,2048,1354.712,1420.3,1002,yes
9,32768,3584,7168,1792,1188.695,1416.4,1002,yes
9,32768,8192,7168,4096,2675.139,1438.5,1002,yes
9,8192,8192,8192,1024,776.443,1416.1,1002,yes
9,16384,512,8192,128,135.164,1016.8,1002,yes
9,16384,7168,8192,1792,1346.638,1428.9,1002,yes
9,16384,8192,8192,2048,1537.792,1430.0,1002,yes
9,32768,10240,8192,5120,3762.458,1461.2,1002,yes
9,16384,6144,12288,1536,1713.883,1443.4,1002,yes
9,32768,6144,12288,3072,3377.559,1464.9,1002,yes
9,1024,2304,16384,36,238.131,324.7,1002,yes
9,2048,2304,16384,72,240.652,642.5,1002,yes
9,8192,5120,25600,640,1607.628,1335.8,1002,yes
