label,M,N,K,out,tiles,csv_pick,csv_aiter_tflops,tflops,tile,n_kernels,fallback,ok,maxerr,hipblaslt,rev,kernel
nightly,32768,5120,640,bfloat16,2560,torch,1096.6,1082.0,MT256x256x64_SK5,1,False,True,0.5,100500,6054c511,Cijk_Alik_Bljk_BBS_BH_Bias_HA_S_SAV_UserArgs_MT256x256x64_MI16x16x1_CMS_SN_LDSB0_AFC0_AG1_AGGSUA0_AGNTAB0_AFEM1_AFEM1_ASEM1_BL1_BS1_CD1_1_CLR0_CLS0_CADS0_DTLA1_DTLB1_DTLM0_DTVA0_DTVB0_DTVMXSA0_DTVMXSB0_DTVSM0_DPLB0_EPS0_ELFLR0_EMLLn1_FDSI0_GRPM1_GRVWA8_GRVWB8_GSU0_GSUAMB_GLS0_HPLR0_ISA950_ICIW0_IU1_K1_LDSSI0_LDSTI0_LBSPPA1024_LBSPPB1024_LBSPPMXSA0_LBSPPMXSB0_LBSPPM0_LPA16_LPB16_LPMXSA0_LPMXSB0_LPM0_LRVW8_LWPMn1_MIAV0_MIWT8_8_MXLIBL_MXSFNS_MO40_MGRIPM1_NTn1_NTA0_NTB0_NTC4_NTD4_NTE0_NTG0_NTMXSA0_NTMXSB0_NTM0_NTWS0_NVn1_NVA0_NVB0_NVC0_NVD0_NVE0_NVG0_NVMXSA0_NVMXSB0_NVM0_NVWS0_NEPBS0_NLCA1_NLCB1_ONLL1_PAP0_PGL0_PGR2_PLR1_PKA1_RAP0_SGROB0_SIA3_SS1_SPO0_SRVW0_SSO4_SVW8_SK5_SKFTR0_SKFDPO0_SKWS0_SKXCCM0_SNLL0_SIP1_SGRO0_TDMI0_TDMIM0_TDMLWS0_TDMPLB0_TDMS0_TIN0_THn1_THA0_THB0_THC0_THD0_THE0_THG0_THMXSA0_THMXSB0_THM0_THWS0_TLDS1_TLDSM1_ULSGRO0_USL1_USLMX0_UDFMAC0_UIOFGRO0_UPLRP0_USFGRO0_USI0_VSn1_VWA8_VWB8_WSGRA0_WSGRB0_WS64_WG32_8_1_WGMXCCn1.kd
nightly,4096,8192,1024,bfloat16,512,asm,1208.5,1154.5,MT256x256x64_SK5,1,False,True,0.5,100500,6054c511,Cijk_Alik_Bljk_BBS_BH_Bias_HA_S_SAV_UserArgs_MT256x256x64_MI16x16x1_CMS_SN_LDSB0_AFC0_AG1_AGGSUA0_AGNTAB0_AFEM1_AFEM1_ASEM1_BL1_BS1_CD1_1_CLR0_CLS0_CADS0_DTLA1_DTLB1_DTLM0_DTVA0_DTVB0_DTVMXSA0_DTVMXSB0_DTVSM0_DPLB0_EPS0_ELFLR0_EMLLn1_FDSI0_GRPM1_GRVWA8_GRVWB8_GSU0_GSUAMB_GLS0_HPLR0_ISA950_ICIW0_IU1_K1_LDSSI0_LDSTI0_LBSPPA1024_LBSPPB1024_LBSPPMXSA0_LBSPPMXSB0_LBSPPM0_LPA16_LPB16_LPMXSA0_LPMXSB0_LPM0_LRVW8_LWPMn1_MIAV0_MIWT8_8_MXLIBL_MXSFNS_MO40_MGRIPM1_NTn1_NTA0_NTB0_NTC4_NTD4_NTE0_NTG0_NTMXSA0_NTMXSB0_NTM0_NTWS0_NVn1_NVA0_NVB0_NVC0_NVD0_NVE0_NVG0_NVMXSA0_NVMXSB0_NVM0_NVWS0_NEPBS0_NLCA1_NLCB1_ONLL1_PAP0_PGL0_PGR2_PLR1_PKA1_RAP0_SGROB0_SIA3_SS1_SPO0_SRVW0_SSO4_SVW8_SK5_SKFTR0_SKFDPO0_SKWS0_SKXCCM0_SNLL0_SIP1_SGRO0_TDMI0_TDMIM0_TDMLWS0_TDMPLB0_TDMS0_TIN0_THn1_THA0_THB0_THC0_THD0_THE0_THG0_THMXSA0_THMXSB0_THM0_THWS0_TLDS1_TLDSM1_ULSGRO0_USL1_USLMX0_UDFMAC0_UIOFGRO0_UPLRP0_USFGRO0_USI0_VSn1_VWA8_VWB8_WSGRA0_WSGRB0_WS64_WG32_8_1_WGMXCCn1.kd
nightly,16384,8192,1024,bfloat16,2048,torch,1261.9,1228.9,MT256x256x64_SK5,1,False,True,0.5,100500,6054c511,Cijk_Alik_Bljk_BBS_BH_Bias_HA_S_SAV_UserArgs_MT256x256x64_MI16x16x1_CMS_SN_LDSB0_AFC0_AG1_AGGSUA0_AGNTAB0_AFEM1_AFEM1_ASEM1_BL1_BS1_CD1_1_CLR0_CLS0_CADS0_DTLA1_DTLB1_DTLM0_DTVA0_DTVB0_DTVMXSA0_DTVMXSB0_DTVSM0_DPLB0_EPS0_ELFLR0_EMLLn1_FDSI0_GRPM1_GRVWA8_GRVWB8_GSU0_GSUAMB_GLS0_HPLR0_ISA950_ICIW0_IU1_K1_LDSSI0_LDSTI0_LBSPPA1024_LBSPPB1024_LBSPPMXSA0_LBSPPMXSB0_LBSPPM0_LPA16_LPB16_LPMXSA0_LPMXSB0_LPM0_LRVW8_LWPMn1_MIAV0_MIWT8_8_MXLIBL_MXSFNS_MO40_MGRIPM1_NTn1_NTA0_NTB0_NTC4_NTD4_NTE0_NTG0_NTMXSA0_NTMXSB0_NTM0_NTWS0_NVn1_NVA0_NVB0_NVC0_NVD0_NVE0_NVG0_NVMXSA0_NVMXSB0_NVM0_NVWS0_NEPBS0_NLCA1_NLCB1_ONLL1_PAP0_PGL0_PGR2_PLR1_PKA1_RAP0_SGROB0_SIA3_SS1_SPO0_SRVW0_SSO4_SVW8_SK5_SKFTR0_SKFDPO0_SKWS0_SKXCCM0_SNLL0_SIP1_SGRO0_TDMI0_TDMIM0_TDMLWS0_TDMPLB0_TDMS0_TIN0_THn1_THA0_THB0_THC0_THD0_THE0_THG0_THMXSA0_THMXSB0_THM0_THWS0_TLDS1_TLDSM1_ULSGRO0_USL1_USLMX0_UDFMAC0_UIOFGRO0_UPLRP0_USFGRO0_USI0_VSn1_VWA8_VWB8_WSGRA0_WSGRB0_WS64_WG32_8_1_WGMXCCn1.kd
nightly,32768,7168,1024,bfloat16,3584,torch,1282.1,1106.6,MT224x384x64_SK5,1,False,True,0.5,100500,6054c511,Cijk_Alik_Bljk_BBS_BH_Bias_HA_S_SAV_UserArgs_MT224x384x64_MI16x16x1_SN_LDSB0_AFC0_AG0_AGGSUA0_AGNTAB0_AFEM1_AFEM1_ASEM1_BL1_BS1_CD1_1_CLR1_CLS0_CADS0_DTLA0_DTLB0_DTLM0_DTVA0_DTVB0_DTVMXSA0_DTVMXSB0_DTVSM0_DPLB0_EPS0_ELFLR0_EMLLn1_FDSI0_GRPM1_GRVWA8_GRVWB8_GSU0_GSUAMB_GLS0_HPLR0_ISA950_ICIW0_IU1_K1_LDSSI0_LDSTI0_LBSPPA0_LBSPPB0_LBSPPMXSA0_LBSPPMXSB0_LBSPPM0_LPA0_LPB0_LPMXSA0_LPMXSB0_LPM0_LRVWn1_LWPMn1_MIAV0_MIWT14_6_MXLIBL_MXSFNS_MO40_MGRIPM1_NTn1_NTA0_NTB0_NTC0_NTD0_NTE0_NTG0_NTMXSA0_NTMXSB0_NTM0_NTWS0_NVn1_NVA0_NVB0_NVC0_NVD0_NVE0_NVG0_NVMXSA0_NVMXSB0_NVM0_NVWS0_NEPBS0_NLCA1_NLCB1_ONLL1_PAP0_PGL0_PGR2_PLR1_PKA0_RAP0_SGROB0_SIA3_SS0_SPO0_SRVW0_SSO0_SVW4_SK5_SKFTR0_SKFDPO0_SKWS0_SKXCCM0_SNLL0_SIP1_SGRO0_TDMI0_TDMIM0_TDMLWS0_TDMPLB0_TDMS0_TIN0_THn1_THA0_THB0_THC0_THD0_THE0_THG0_THMXSA0_THMXSB0_THM0_THWS0_TLDS1_TLDSMn1_ULSGRO0_USL0_USLMX0_UDFMAC0_UIOFGRO0_UPLRP0_USFGRO0_USI1_VSn1_VWA1_VWB1_WSGRA0_WSGRB0_WS64_WG16_16_1_WGMXCCn1.kd
nightly,32768,8192,1024,bfloat16,4096,torch,1288.4,1102.5,MT256x320x64_SK5,1,False,True,0.5,100500,6054c511,Cijk_Alik_Bljk_BBS_BH_Bias_HA_S_SAV_UserArgs_MT256x320x64_MI16x16x1_SN_LDSB0_AFC0_AG0_AGGSUA0_AGNTAB0_AFEM1_AFEM1_ASEM1_BL1_BS1_CD1_1_CLR1_CLS0_CADS0_DTLA0_DTLB0_DTLM0_DTVA0_DTVB0_DTVMXSA0_DTVMXSB0_DTVSM0_DPLB0_EPS0_ELFLR0_EMLLn1_FDSI0_GRPM1_GRVWA8_GRVWB8_GSU0_GSUAMB_GLS0_HPLR0_ISA950_ICIW0_IU1_K1_LDSSI0_LDSTI0_LBSPPA0_LBSPPB0_LBSPPMXSA0_LBSPPMXSB0_LBSPPM0_LPA0_LPB0_LPMXSA0_LPMXSB0_LPM0_LRVWn1_LWPMn1_MIAV0_MIWT16_5_MXLIBL_MXSFNS_MO40_MGRIPM1_NTn1_NTA0_NTB0_NTC0_NTD0_NTE0_NTG0_NTMXSA0_NTMXSB0_NTM0_NTWS0_NVn1_NVA0_NVB0_NVC0_NVD0_NVE0_NVG0_NVMXSA0_NVMXSB0_NVM0_NVWS0_NEPBS0_NLCA1_NLCB1_ONLL1_PAP0_PGL0_PGR2_PLR1_PKA0_RAP0_SGROB0_SIA3_SS0_SPO0_SRVW0_SSO0_SVW4_SK5_SKFTR0_SKFDPO0_SKWS0_SKXCCM0_SNLL0_SIP1_SGRO0_TDMI0_TDMIM0_TDMLWS0_TDMPLB0_TDMS0_TIN0_THn1_THA0_THB0_THC0_THD0_THE0_THG0_THMXSA0_THMXSB0_THM0_THWS0_TLDS1_TLDSMn1_ULSGRO0_USL0_USLMX0_UDFMAC0_UIOFGRO0_UPLRP0_USFGRO0_USI1_VSn1_VWA1_VWB1_WSGRA0_WSGRB0_WS64_WG16_16_1_WGMXCCn1.kd
nightly,32768,5120,1280,bfloat16,2560,torch,1336.2,1297.8,MT256x256x64_SK5,1,False,True,1,100500,6054c511,Cijk_Alik_Bljk_BBS_BH_Bias_HA_S_SAV_UserArgs_MT256x256x64_MI16x16x1_CMS_SN_LDSB0_AFC0_AG1_AGGSUA0_AGNTAB0_AFEM1_AFEM1_ASEM1_BL1_BS1_CD1_1_CLR0_CLS0_CADS0_DTLA1_DTLB1_DTLM0_DTVA0_DTVB0_DTVMXSA0_DTVMXSB0_DTVSM0_DPLB0_EPS0_ELFLR0_EMLLn1_FDSI0_GRPM1_GRVWA8_GRVWB8_GSU0_GSUAMB_GLS0_HPLR0_ISA950_ICIW0_IU1_K1_LDSSI0_LDSTI0_LBSPPA1024_LBSPPB1024_LBSPPMXSA0_LBSPPMXSB0_LBSPPM0_LPA16_LPB16_LPMXSA0_LPMXSB0_LPM0_LRVW8_LWPMn1_MIAV0_MIWT8_8_MXLIBL_MXSFNS_MO40_MGRIPM1_NTn1_NTA0_NTB0_NTC4_NTD4_NTE0_NTG0_NTMXSA0_NTMXSB0_NTM0_NTWS0_NVn1_NVA0_NVB0_NVC0_NVD0_NVE0_NVG0_NVMXSA0_NVMXSB0_NVM0_NVWS0_NEPBS0_NLCA1_NLCB1_ONLL1_PAP0_PGL0_PGR2_PLR1_PKA1_RAP0_SGROB0_SIA3_SS1_SPO0_SRVW0_SSO4_SVW8_SK5_SKFTR0_SKFDPO0_SKWS0_SKXCCM0_SNLL0_SIP1_SGRO0_TDMI0_TDMIM0_TDMLWS0_TDMPLB0_TDMS0_TIN0_THn1_THA0_THB0_THC0_THD0_THE0_THG0_THMXSA0_THMXSB0_THM0_THWS0_TLDS1_TLDSM1_ULSGRO0_USL1_USLMX0_UDFMAC0_UIOFGRO0_UPLRP0_USFGRO0_USI0_VSn1_VWA8_VWB8_WSGRA0_WSGRB0_WS64_WG32_8_1_WGMXCCn1.kd
nightly,32768,7168,1792,bfloat16,3584,torch,1429.9,1278.6,MT224x384x64_SK5,1,False,True,1,100500,6054c511,Cijk_Alik_Bljk_BBS_BH_Bias_HA_S_SAV_UserArgs_MT224x384x64_MI16x16x1_SN_LDSB0_AFC0_AG0_AGGSUA0_AGNTAB0_AFEM1_AFEM1_ASEM1_BL1_BS1_CD1_1_CLR1_CLS0_CADS0_DTLA0_DTLB0_DTLM0_DTVA0_DTVB0_DTVMXSA0_DTVMXSB0_DTVSM0_DPLB0_EPS0_ELFLR0_EMLLn1_FDSI0_GRPM1_GRVWA8_GRVWB8_GSU0_GSUAMB_GLS0_HPLR0_ISA950_ICIW0_IU1_K1_LDSSI0_LDSTI0_LBSPPA0_LBSPPB0_LBSPPMXSA0_LBSPPMXSB0_LBSPPM0_LPA0_LPB0_LPMXSA0_LPMXSB0_LPM0_LRVWn1_LWPMn1_MIAV0_MIWT14_6_MXLIBL_MXSFNS_MO40_MGRIPM1_NTn1_NTA0_NTB0_NTC0_NTD0_NTE0_NTG0_NTMXSA0_NTMXSB0_NTM0_NTWS0_NVn1_NVA0_NVB0_NVC0_NVD0_NVE0_NVG0_NVMXSA0_NVMXSB0_NVM0_NVWS0_NEPBS0_NLCA1_NLCB1_ONLL1_PAP0_PGL0_PGR2_PLR1_PKA0_RAP0_SGROB0_SIA3_SS0_SPO0_SRVW0_SSO0_SVW4_SK5_SKFTR0_SKFDPO0_SKWS0_SKXCCM0_SNLL0_SIP1_SGRO0_TDMI0_TDMIM0_TDMLWS0_TDMPLB0_TDMS0_TIN0_THn1_THA0_THB0_THC0_THD0_THE0_THG0_THMXSA0_THMXSB0_THM0_THWS0_TLDS1_TLDSMn1_ULSGRO0_USL0_USLMX0_UDFMAC0_UIOFGRO0_UPLRP0_USFGRO0_USI1_VSn1_VWA1_VWB1_WSGRA0_WSGRB0_WS64_WG16_16_1_WGMXCCn1.kd
nightly,32768,8192,2048,bfloat16,4096,torch,1454.9,1305.3,MT256x320x64_SK5,1,False,True,1,100500,6054c511,Cijk_Alik_Bljk_BBS_BH_Bias_HA_S_SAV_UserArgs_MT256x320x64_MI16x16x1_SN_LDSB0_AFC0_AG0_AGGSUA0_AGNTAB0_AFEM1_AFEM1_ASEM1_BL1_BS1_CD1_1_CLR1_CLS0_CADS0_DTLA0_DTLB0_DTLM0_DTVA0_DTVB0_DTVMXSA0_DTVMXSB0_DTVSM0_DPLB0_EPS0_ELFLR0_EMLLn1_FDSI0_GRPM1_GRVWA8_GRVWB8_GSU0_GSUAMB_GLS0_HPLR0_ISA950_ICIW0_IU1_K1_LDSSI0_LDSTI0_LBSPPA0_LBSPPB0_LBSPPMXSA0_LBSPPMXSB0_LBSPPM0_LPA0_LPB0_LPMXSA0_LPMXSB0_LPM0_LRVWn1_LWPMn1_MIAV0_MIWT16_5_MXLIBL_MXSFNS_MO40_MGRIPM1_NTn1_NTA0_NTB0_NTC0_NTD0_NTE0_NTG0_NTMXSA0_NTMXSB0_NTM0_NTWS0_NVn1_NVA0_NVB0_NVC0_NVD0_NVE0_NVG0_NVMXSA0_NVMXSB0_NVM0_NVWS0_NEPBS0_NLCA1_NLCB1_ONLL1_PAP0_PGL0_PGR2_PLR1_PKA0_RAP0_SGROB0_SIA3_SS0_SPO0_SRVW0_SSO0_SVW4_SK5_SKFTR0_SKFDPO0_SKWS0_SKXCCM0_SNLL0_SIP1_SGRO0_TDMI0_TDMIM0_TDMLWS0_TDMPLB0_TDMS0_TIN0_THn1_THA0_THB0_THC0_THD0_THE0_THG0_THMXSA0_THMXSB0_THM0_THWS0_TLDS1_TLDSMn1_ULSGRO0_USL0_USLMX0_UDFMAC0_UIOFGRO0_UPLRP0_USFGRO0_USI1_VSn1_VWA1_VWB1_WSGRA0_WSGRB0_WS64_WG16_16_1_WGMXCCn1.kd
nightly,2048,6144,3072,float32,192,asm,1175.5,1181.2,MT192x256x64_SK5,1,False,True,0.000534,100500,6054c511,Cijk_Alik_Bljk_BSS_BH_Bias_S_HA_S_SAV_UserArgs_MT192x256x64_MI16x16x1_SN_LDSB0_AFC0_AG0_AGGSUA0_AGNTAB0_AFEM1_AFEM1_ASEM1_BL1_BS1_CD1_1_CLR1_CLS0_CADS0_DTLA0_DTLB0_DTLM0_DTVA0_DTVB0_DTVMXSA0_DTVMXSB0_DTVSM0_DPLB0_EPS0_ELFLR0_EMLLn1_FDSI0_GRPM1_GRVWA8_GRVWB8_GSU0_GSUAMB_GLS0_HPLR0_ISA950_ICIW0_IU1_K1_LDSSI0_LDSTI0_LBSPPA256_LBSPPB1024_LBSPPMXSA0_LBSPPMXSB0_LBSPPM0_LPA16_LPB16_LPMXSA0_LPMXSB0_LPM0_LRVW8_LWPMn1_MIAV0_MIWT6_8_MXLIBL_MXSFNS_MO40_MGRIPM1_NTn1_NTA0_NTB0_NTC0_NTD0_NTE0_NTG0_NTMXSA0_NTMXSB0_NTM0_NTWS0_NVn1_NVA0_NVB0_NVC0_NVD0_NVE0_NVG0_NVMXSA0_NVMXSB0_NVM0_NVWS0_NEPBS0_NLCA1_NLCB1_ONLL1_PAP0_PGL0_PGR2_PLR1_PKA1_RAP0_SGROB0_SIA3_SS1_SPO0_SRVW0_SSO0_SVW2_SK5_SKFTR0_SKFDPO0_SKWS0_SKXCCM0_SNLL0_SIP1_SGRO0_TDMI0_TDMIM0_TDMLWS0_TDMPLB0_TDMS0_TIN0_THn1_THA0_THB0_THC0_THD0_THE0_THG0_THMXSA0_THMXSB0_THM0_THWS0_TLDS1_TLDSM1_ULSGRO0_USL1_USLMX0_UDFMAC0_UIOFGRO0_UPLRP0_USFGRO0_USI0_VSn1_VWA2_VWB8_WSGRA0_WSGRB0_WS64_WG32_8_1_WGMXCCn1.kd
nightly,32768,5120,3200,bfloat16,2560,torch,1522.7,1474.8,MT256x256x64_SK5,1,False,True,1,100500,6054c511,Cijk_Alik_Bljk_BBS_BH_Bias_HA_S_SAV_UserArgs_MT256x256x64_MI16x16x1_CMS_SN_LDSB0_AFC0_AG1_AGGSUA0_AGNTAB0_AFEM1_AFEM1_ASEM1_BL1_BS1_CD1_1_CLR0_CLS0_CADS0_DTLA1_DTLB1_DTLM0_DTVA0_DTVB0_DTVMXSA0_DTVMXSB0_DTVSM0_DPLB0_EPS0_ELFLR0_EMLLn1_FDSI0_GRPM1_GRVWA8_GRVWB8_GSU0_GSUAMB_GLS0_HPLR0_ISA950_ICIW0_IU1_K1_LDSSI0_LDSTI0_LBSPPA1024_LBSPPB1024_LBSPPMXSA0_LBSPPMXSB0_LBSPPM0_LPA16_LPB16_LPMXSA0_LPMXSB0_LPM0_LRVW8_LWPMn1_MIAV0_MIWT8_8_MXLIBL_MXSFNS_MO40_MGRIPM1_NTn1_NTA0_NTB0_NTC4_NTD4_NTE0_NTG0_NTMXSA0_NTMXSB0_NTM0_NTWS0_NVn1_NVA0_NVB0_NVC0_NVD0_NVE0_NVG0_NVMXSA0_NVMXSB0_NVM0_NVWS0_NEPBS0_NLCA1_NLCB1_ONLL1_PAP0_PGL0_PGR2_PLR1_PKA1_RAP0_SGROB0_SIA3_SS1_SPO0_SRVW0_SSO4_SVW8_SK5_SKFTR0_SKFDPO0_SKWS0_SKXCCM0_SNLL0_SIP1_SGRO0_TDMI0_TDMIM0_TDMLWS0_TDMPLB0_TDMS0_TIN0_THn1_THA0_THB0_THC0_THD0_THE0_THG0_THMXSA0_THMXSB0_THM0_THWS0_TLDS1_TLDSM1_ULSGRO0_USL1_USLMX0_UDFMAC0_UIOFGRO0_UPLRP0_USFGRO0_USI0_VSn1_VWA8_VWB8_WSGRA0_WSGRB0_WS64_WG32_8_1_WGMXCCn1.kd
nightly,6144,129280,4096,bfloat16,12120,asm,1517.7,1450.4,MT224x384x64_SK5,1,False,True,2,100500,6054c511,Cijk_Alik_Bljk_BBS_BH_Bias_HA_S_SAV_UserArgs_MT224x384x64_MI16x16x1_SN_LDSB0_AFC0_AG0_AGGSUA0_AGNTAB0_AFEM1_AFEM1_ASEM1_BL1_BS1_CD1_1_CLR1_CLS0_CADS0_DTLA0_DTLB0_DTLM0_DTVA0_DTVB0_DTVMXSA0_DTVMXSB0_DTVSM0_DPLB0_EPS0_ELFLR0_EMLLn1_FDSI0_GRPM1_GRVWA8_GRVWB8_GSU0_GSUAMB_GLS0_HPLR0_ISA950_ICIW0_IU1_K1_LDSSI0_LDSTI0_LBSPPA0_LBSPPB0_LBSPPMXSA0_LBSPPMXSB0_LBSPPM0_LPA0_LPB0_LPMXSA0_LPMXSB0_LPM0_LRVWn1_LWPMn1_MIAV0_MIWT14_6_MXLIBL_MXSFNS_MO40_MGRIPM1_NTn1_NTA0_NTB0_NTC0_NTD0_NTE0_NTG0_NTMXSA0_NTMXSB0_NTM0_NTWS0_NVn1_NVA0_NVB0_NVC0_NVD0_NVE0_NVG0_NVMXSA0_NVMXSB0_NVM0_NVWS0_NEPBS0_NLCA1_NLCB1_ONLL1_PAP0_PGL0_PGR2_PLR1_PKA0_RAP0_SGROB0_SIA3_SS0_SPO0_SRVW0_SSO0_SVW4_SK5_SKFTR0_SKFDPO0_SKWS0_SKXCCM0_SNLL0_SIP1_SGRO0_TDMI0_TDMIM0_TDMLWS0_TDMPLB0_TDMS0_TIN0_THn1_THA0_THB0_THC0_THD0_THE0_THG0_THMXSA0_THMXSB0_THM0_THWS0_TLDS1_TLDSMn1_ULSGRO0_USL0_USLMX0_UDFMAC0_UIOFGRO0_UPLRP0_USFGRO0_USI1_VSn1_VWA1_VWB1_WSGRA0_WSGRB0_WS64_WG16_16_1_WGMXCCn1.kd
nightly,16384,16384,4096,bfloat16,4096,torch,1558.1,1467.5,MT256x320x64_SK5,1,False,True,2,100500,6054c511,Cijk_Alik_Bljk_BBS_BH_Bias_HA_S_SAV_UserArgs_MT256x320x64_MI16x16x1_SN_LDSB0_AFC0_AG0_AGGSUA0_AGNTAB0_AFEM1_AFEM1_ASEM1_BL1_BS1_CD1_1_CLR1_CLS0_CADS0_DTLA0_DTLB0_DTLM0_DTVA0_DTVB0_DTVMXSA0_DTVMXSB0_DTVSM0_DPLB0_EPS0_ELFLR0_EMLLn1_FDSI0_GRPM1_GRVWA8_GRVWB8_GSU0_GSUAMB_GLS0_HPLR0_ISA950_ICIW0_IU1_K1_LDSSI0_LDSTI0_LBSPPA0_LBSPPB0_LBSPPMXSA0_LBSPPMXSB0_LBSPPM0_LPA0_LPB0_LPMXSA0_LPMXSB0_LPM0_LRVWn1_LWPMn1_MIAV0_MIWT16_5_MXLIBL_MXSFNS_MO40_MGRIPM1_NTn1_NTA0_NTB0_NTC0_NTD0_NTE0_NTG0_NTMXSA0_NTMXSB0_NTM0_NTWS0_NVn1_NVA0_NVB0_NVC0_NVD0_NVE0_NVG0_NVMXSA0_NVMXSB0_NVM0_NVWS0_NEPBS0_NLCA1_NLCB1_ONLL1_PAP0_PGL0_PGR2_PLR1_PKA0_RAP0_SGROB0_SIA3_SS0_SPO0_SRVW0_SSO0_SVW4_SK5_SKFTR0_SKFDPO0_SKWS0_SKXCCM0_SNLL0_SIP1_SGRO0_TDMI0_TDMIM0_TDMLWS0_TDMPLB0_TDMS0_TIN0_THn1_THA0_THB0_THC0_THD0_THE0_THG0_THMXSA0_THMXSB0_THM0_THWS0_TLDS1_TLDSMn1_ULSGRO0_USL0_USLMX0_UDFMAC0_UIOFGRO0_UPLRP0_USFGRO0_USI1_VSn1_VWA1_VWB1_WSGRA0_WSGRB0_WS64_WG16_16_1_WGMXCCn1.kd
nightly,16384,5120,5120,bfloat16,1280,torch,1566.3,1536.2,MT256x256x64_SK5,1,False,True,2,100500,6054c511,Cijk_Alik_Bljk_BBS_BH_Bias_HA_S_SAV_UserArgs_MT256x256x64_MI16x16x1_CMS_SN_LDSB0_AFC0_AG1_AGGSUA0_AGNTAB0_AFEM1_AFEM1_ASEM1_BL1_BS1_CD1_1_CLR0_CLS0_CADS0_DTLA1_DTLB1_DTLM0_DTVA0_DTVB0_DTVMXSA0_DTVMXSB0_DTVSM0_DPLB0_EPS0_ELFLR0_EMLLn1_FDSI0_GRPM1_GRVWA8_GRVWB8_GSU0_GSUAMB_GLS0_HPLR0_ISA950_ICIW0_IU1_K1_LDSSI0_LDSTI0_LBSPPA1024_LBSPPB1024_LBSPPMXSA0_LBSPPMXSB0_LBSPPM0_LPA16_LPB16_LPMXSA0_LPMXSB0_LPM0_LRVW8_LWPMn1_MIAV0_MIWT8_8_MXLIBL_MXSFNS_MO40_MGRIPM1_NTn1_NTA0_NTB0_NTC4_NTD4_NTE0_NTG0_NTMXSA0_NTMXSB0_NTM0_NTWS0_NVn1_NVA0_NVB0_NVC0_NVD0_NVE0_NVG0_NVMXSA0_NVMXSB0_NVM0_NVWS0_NEPBS0_NLCA1_NLCB1_ONLL1_PAP0_PGL0_PGR2_PLR1_PKA1_RAP0_SGROB0_SIA3_SS1_SPO0_SRVW0_SSO4_SVW8_SK5_SKFTR0_SKFDPO0_SKWS0_SKXCCM0_SNLL0_SIP1_SGRO0_TDMI0_TDMIM0_TDMLWS0_TDMPLB0_TDMS0_TIN0_THn1_THA0_THB0_THC0_THD0_THE0_THG0_THMXSA0_THMXSB0_THM0_THWS0_TLDS1_TLDSM1_ULSGRO0_USL1_USLMX0_UDFMAC0_UIOFGRO0_UPLRP0_USFGRO0_USI0_VSn1_VWA8_VWB8_WSGRA0_WSGRB0_WS64_WG32_8_1_WGMXCCn1.kd
nightly,16384,12800,5120,bfloat16,3200,torch,1533.9,1410.8,MT224x384x64_SK5,1,False,True,2,100500,6054c511,Cijk_Alik_Bljk_BBS_BH_Bias_HA_S_SAV_UserArgs_MT224x384x64_MI16x16x1_SN_LDSB0_AFC0_AG0_AGGSUA0_AGNTAB0_AFEM1_AFEM1_ASEM1_BL1_BS1_CD1_1_CLR1_CLS0_CADS0_DTLA0_DTLB0_DTLM0_DTVA0_DTVB0_DTVMXSA0_DTVMXSB0_DTVSM0_DPLB0_EPS0_ELFLR0_EMLLn1_FDSI0_GRPM1_GRVWA8_GRVWB8_GSU0_GSUAMB_GLS0_HPLR0_ISA950_ICIW0_IU1_K1_LDSSI0_LDSTI0_LBSPPA0_LBSPPB0_LBSPPMXSA0_LBSPPMXSB0_LBSPPM0_LPA0_LPB0_LPMXSA0_LPMXSB0_LPM0_LRVWn1_LWPMn1_MIAV0_MIWT14_6_MXLIBL_MXSFNS_MO40_MGRIPM1_NTn1_NTA0_NTB0_NTC0_NTD0_NTE0_NTG0_NTMXSA0_NTMXSB0_NTM0_NTWS0_NVn1_NVA0_NVB0_NVC0_NVD0_NVE0_NVG0_NVMXSA0_NVMXSB0_NVM0_NVWS0_NEPBS0_NLCA1_NLCB1_ONLL1_PAP0_PGL0_PGR2_PLR1_PKA0_RAP0_SGROB0_SIA3_SS0_SPO0_SRVW0_SSO0_SVW4_SK5_SKFTR0_SKFDPO0_SKWS0_SKXCCM0_SNLL0_SIP1_SGRO0_TDMI0_TDMIM0_TDMLWS0_TDMPLB0_TDMS0_TIN0_THn1_THA0_THB0_THC0_THD0_THE0_THG0_THMXSA0_THMXSB0_THM0_THWS0_TLDS1_TLDSMn1_ULSGRO0_USL0_USLMX0_UDFMAC0_UIOFGRO0_UPLRP0_USFGRO0_USI1_VSn1_VWA1_VWB1_WSGRA0_WSGRB0_WS64_WG16_16_1_WGMXCCn1.kd
nightly,32768,6400,5120,bfloat16,3200,torch,1526.6,1435.0,MT224x384x64_SK5,1,False,True,2,100500,6054c511,Cijk_Alik_Bljk_BBS_BH_Bias_HA_S_SAV_UserArgs_MT224x384x64_MI16x16x1_SN_LDSB0_AFC0_AG0_AGGSUA0_AGNTAB0_AFEM1_AFEM1_ASEM1_BL1_BS1_CD1_1_CLR1_CLS0_CADS0_DTLA0_DTLB0_DTLM0_DTVA0_DTVB0_DTVMXSA0_DTVMXSB0_DTVSM0_DPLB0_EPS0_ELFLR0_EMLLn1_FDSI0_GRPM1_GRVWA8_GRVWB8_GSU0_GSUAMB_GLS0_HPLR0_ISA950_ICIW0_IU1_K1_LDSSI0_LDSTI0_LBSPPA0_LBSPPB0_LBSPPMXSA0_LBSPPMXSB0_LBSPPM0_LPA0_LPB0_LPMXSA0_LPMXSB0_LPM0_LRVWn1_LWPMn1_MIAV0_MIWT14_6_MXLIBL_MXSFNS_MO40_MGRIPM1_NTn1_NTA0_NTB0_NTC0_NTD0_NTE0_NTG0_NTMXSA0_NTMXSB0_NTM0_NTWS0_NVn1_NVA0_NVB0_NVC0_NVD0_NVE0_NVG0_NVMXSA0_NVMXSB0_NVM0_NVWS0_NEPBS0_NLCA1_NLCB1_ONLL1_PAP0_PGL0_PGR2_PLR1_PKA0_RAP0_SGROB0_SIA3_SS0_SPO0_SRVW0_SSO0_SVW4_SK5_SKFTR0_SKFDPO0_SKWS0_SKXCCM0_SNLL0_SIP1_SGRO0_TDMI0_TDMIM0_TDMLWS0_TDMPLB0_TDMS0_TIN0_THn1_THA0_THB0_THC0_THD0_THE0_THG0_THMXSA0_THMXSB0_THM0_THWS0_TLDS1_TLDSMn1_ULSGRO0_USL0_USLMX0_UDFMAC0_UIOFGRO0_UPLRP0_USFGRO0_USI1_VSn1_VWA1_VWB1_WSGRA0_WSGRB0_WS64_WG16_16_1_WGMXCCn1.kd
nightly,32768,12800,5120,bfloat16,6400,torch,1564.3,1444.4,MT288x288x64_SK5,1,False,True,2,100500,6054c511,Cijk_Alik_Bljk_BBS_BH_Bias_HA_S_SAV_UserArgs_MT288x288x64_MI16x16x1_SN_LDSB0_AFC0_AG0_AGGSUA0_AGNTAB0_AFEM1_AFEM1_ASEM1_BL1_BS1_CD1_1_CLR1_CLS0_CADS0_DTLA0_DTLB0_DTLM0_DTVA0_DTVB0_DTVMXSA0_DTVMXSB0_DTVSM0_DPLB0_EPS0_ELFLR0_EMLLn1_FDSI0_GRPM1_GRVWA8_GRVWB8_GSU0_GSUAMB_GLS0_HPLR0_ISA950_ICIW0_IU1_K1_LDSSI0_LDSTI0_LBSPPA0_LBSPPB0_LBSPPMXSA0_LBSPPMXSB0_LBSPPM0_LPA0_LPB0_LPMXSA0_LPMXSB0_LPM0_LRVWn1_LWPMn1_MIAV0_MIWT9_9_MXLIBL_MXSFNS_MO40_MGRIPM1_NTn1_NTA0_NTB0_NTC0_NTD0_NTE0_NTG0_NTMXSA0_NTMXSB0_NTM0_NTWS0_NVn1_NVA0_NVB0_NVC0_NVD0_NVE0_NVG0_NVMXSA0_NVMXSB0_NVM0_NVWS0_NEPBS0_NLCA1_NLCB1_ONLL1_PAP0_PGL0_PGR2_PLR1_PKA0_RAP0_SGROB0_SIA3_SS0_SPO0_SRVW0_SSO0_SVW4_SK5_SKFTR0_SKFDPO0_SKWS0_SKXCCM0_SNLL0_SIP1_SGRO0_TDMI0_TDMIM0_TDMLWS0_TDMPLB0_TDMS0_TIN0_THn1_THA0_THB0_THC0_THD0_THE0_THG0_THMXSA0_THMXSB0_THM0_THWS0_TLDS1_TLDSMn1_ULSGRO0_USL0_USLMX0_UDFMAC0_UIOFGRO0_UPLRP0_USFGRO0_USI1_VSn1_VWA1_VWB1_WSGRA0_WSGRB0_WS64_WG32_8_1_WGMXCCn1.kd
nightly,8192,9216,6144,bfloat16,1152,asm,1504.4,1457.7,MT240x320x64_SK5,1,False,True,2,100500,6054c511,Cijk_Alik_Bljk_BBS_BH_Bias_HA_S_SAV_UserArgs_MT240x320x64_MI16x16x1_SN_LDSB0_AFC0_AG0_AGGSUA0_AGNTAB0_AFEM1_AFEM1_ASEM1_BL1_BS1_CD1_1_CLR1_CLS0_CADS0_DTLA0_DTLB0_DTLM0_DTVA0_DTVB0_DTVMXSA0_DTVMXSB0_DTVSM0_DPLB0_EPS0_ELFLR0_EMLLn1_FDSI0_GRPM1_GRVWA4_GRVWB8_GSU0_GSUAMB_GLS0_HPLR0_ISA950_ICIW0_IU1_K1_LDSSI0_LDSTI0_LBSPPA0_LBSPPB0_LBSPPMXSA0_LBSPPMXSB0_LBSPPM0_LPA0_LPB0_LPMXSA0_LPMXSB0_LPM0_LRVWn1_LWPMn1_MIAV0_MIWT15_5_MXLIBL_MXSFNS_MO40_MGRIPM1_NTn1_NTA0_NTB0_NTC0_NTD0_NTE0_NTG0_NTMXSA0_NTMXSB0_NTM0_NTWS0_NVn1_NVA0_NVB0_NVC0_NVD0_NVE0_NVG0_NVMXSA0_NVMXSB0_NVM0_NVWS0_NEPBS0_NLCA1_NLCB1_ONLL1_PAP0_PGL0_PGR2_PLR1_PKA0_RAP0_SGROB0_SIA3_SS0_SPO0_SRVW0_SSO0_SVW4_SK5_SKFTR0_SKFDPO0_SKWS0_SKXCCM0_SNLL0_SIP1_SGRO0_TDMI0_TDMIM0_TDMLWS0_TDMPLB0_TDMS0_TIN0_THn1_THA0_THB0_THC0_THD0_THE0_THG0_THMXSA0_THMXSB0_THM0_THWS0_TLDS1_TLDSMn1_ULSGRO0_USL0_USLMX0_UDFMAC0_UIOFGRO0_UPLRP0_USFGRO0_USI1_VSn1_VWA1_VWB1_WSGRA0_WSGRB0_WS64_WG16_16_1_WGMXCCn1.kd
nightly,32768,9216,6144,bfloat16,4608,torch,1580.5,1461.8,MT288x288x64_SK5,1,False,True,2,100500,6054c511,Cijk_Alik_Bljk_BBS_BH_Bias_HA_S_SAV_UserArgs_MT288x288x64_MI16x16x1_SN_LDSB0_AFC0_AG0_AGGSUA0_AGNTAB0_AFEM1_AFEM1_ASEM1_BL1_BS1_CD1_1_CLR1_CLS0_CADS0_DTLA0_DTLB0_DTLM0_DTVA0_DTVB0_DTVMXSA0_DTVMXSB0_DTVSM0_DPLB0_EPS0_ELFLR0_EMLLn1_FDSI0_GRPM1_GRVWA8_GRVWB8_GSU0_GSUAMB_GLS0_HPLR0_ISA950_ICIW0_IU1_K1_LDSSI0_LDSTI0_LBSPPA0_LBSPPB0_LBSPPMXSA0_LBSPPMXSB0_LBSPPM0_LPA0_LPB0_LPMXSA0_LPMXSB0_LPM0_LRVWn1_LWPMn1_MIAV0_MIWT9_9_MXLIBL_MXSFNS_MO40_MGRIPM1_NTn1_NTA0_NTB0_NTC0_NTD0_NTE0_NTG0_NTMXSA0_NTMXSB0_NTM0_NTWS0_NVn1_NVA0_NVB0_NVC0_NVD0_NVE0_NVG0_NVMXSA0_NVMXSB0_NVM0_NVWS0_NEPBS0_NLCA1_NLCB1_ONLL1_PAP0_PGL0_PGR2_PLR1_PKA0_RAP0_SGROB0_SIA3_SS0_SPO0_SRVW0_SSO0_SVW4_SK5_SKFTR0_SKFDPO0_SKWS0_SKXCCM0_SNLL0_SIP1_SGRO0_TDMI0_TDMIM0_TDMLWS0_TDMPLB0_TDMS0_TIN0_THn1_THA0_THB0_THC0_THD0_THE0_THG0_THMXSA0_THMXSB0_THM0_THWS0_TLDS1_TLDSMn1_ULSGRO0_USL0_USLMX0_UDFMAC0_UIOFGRO0_UPLRP0_USFGRO0_USI1_VSn1_VWA1_VWB1_WSGRA0_WSGRB0_WS64_WG32_8_1_WGMXCCn1.kd
nightly,16384,5120,6400,bfloat16,1280,torch,1584.1,1568.7,MT256x256x64_SK5,1,False,True,2,100500,6054c511,Cijk_Alik_Bljk_BBS_BH_Bias_HA_S_SAV_UserArgs_MT256x256x64_MI16x16x1_CMS_SN_LDSB0_AFC0_AG1_AGGSUA0_AGNTAB0_AFEM1_AFEM1_ASEM1_BL1_BS1_CD1_1_CLR0_CLS0_CADS0_DTLA1_DTLB1_DTLM0_DTVA0_DTVB0_DTVMXSA0_DTVMXSB0_DTVSM0_DPLB0_EPS0_ELFLR0_EMLLn1_FDSI0_GRPM1_GRVWA8_GRVWB8_GSU0_GSUAMB_GLS0_HPLR0_ISA950_ICIW0_IU1_K1_LDSSI0_LDSTI0_LBSPPA1024_LBSPPB1024_LBSPPMXSA0_LBSPPMXSB0_LBSPPM0_LPA16_LPB16_LPMXSA0_LPMXSB0_LPM0_LRVW8_LWPMn1_MIAV0_MIWT8_8_MXLIBL_MXSFNS_MO40_MGRIPM1_NTn1_NTA0_NTB0_NTC4_NTD4_NTE0_NTG0_NTMXSA0_NTMXSB0_NTM0_NTWS0_NVn1_NVA0_NVB0_NVC0_NVD0_NVE0_NVG0_NVMXSA0_NVMXSB0_NVM0_NVWS0_NEPBS0_NLCA1_NLCB1_ONLL1_PAP0_PGL0_PGR2_PLR1_PKA1_RAP0_SGROB0_SIA3_SS1_SPO0_SRVW0_SSO4_SVW8_SK5_SKFTR0_SKFDPO0_SKWS0_SKXCCM0_SNLL0_SIP1_SGRO0_TDMI0_TDMIM0_TDMLWS0_TDMPLB0_TDMS0_TIN0_THn1_THA0_THB0_THC0_THD0_THE0_THG0_THMXSA0_THMXSB0_THM0_THWS0_TLDS1_TLDSM1_ULSGRO0_USL1_USLMX0_UDFMAC0_UIOFGRO0_UPLRP0_USFGRO0_USI0_VSn1_VWA8_VWB8_WSGRA0_WSGRB0_WS64_WG32_8_1_WGMXCCn1.kd
nightly,4096,16384,6656,bfloat16,1024,torch,1607.9,1574.3,MT256x256x64_SK5,1,False,True,2,100500,6054c511,Cijk_Alik_Bljk_BBS_BH_Bias_HA_S_SAV_UserArgs_MT256x256x64_MI16x16x1_CMS_SN_LDSB0_AFC0_AG1_AGGSUA0_AGNTAB0_AFEM1_AFEM1_ASEM1_BL1_BS1_CD1_1_CLR0_CLS0_CADS0_DTLA1_DTLB1_DTLM0_DTVA0_DTVB0_DTVMXSA0_DTVMXSB0_DTVSM0_DPLB0_EPS0_ELFLR0_EMLLn1_FDSI0_GRPM1_GRVWA8_GRVWB8_GSU0_GSUAMB_GLS0_HPLR0_ISA950_ICIW0_IU1_K1_LDSSI0_LDSTI0_LBSPPA1024_LBSPPB1024_LBSPPMXSA0_LBSPPMXSB0_LBSPPM0_LPA16_LPB16_LPMXSA0_LPMXSB0_LPM0_LRVW8_LWPMn1_MIAV0_MIWT8_8_MXLIBL_MXSFNS_MO40_MGRIPM1_NTn1_NTA0_NTB0_NTC4_NTD4_NTE0_NTG0_NTMXSA0_NTMXSB0_NTM0_NTWS0_NVn1_NVA0_NVB0_NVC0_NVD0_NVE0_NVG0_NVMXSA0_NVMXSB0_NVM0_NVWS0_NEPBS0_NLCA1_NLCB1_ONLL1_PAP0_PGL0_PGR2_PLR1_PKA1_RAP0_SGROB0_SIA3_SS1_SPO0_SRVW0_SSO4_SVW8_SK5_SKFTR0_SKFDPO0_SKWS0_SKXCCM0_SNLL0_SIP1_SGRO0_TDMI0_TDMIM0_TDMLWS0_TDMPLB0_TDMS0_TIN0_THn1_THA0_THB0_THC0_THD0_THE0_THG0_THMXSA0_THMXSB0_THM0_THWS0_TLDS1_TLDSM1_ULSGRO0_USL1_USLMX0_UDFMAC0_UIOFGRO0_UPLRP0_USFGRO0_USI0_VSn1_VWA8_VWB8_WSGRA0_WSGRB0_WS64_WG32_8_1_WGMXCCn1.kd
nightly,10240,8448,7168,bfloat16,1320,asm,1457.7,1491.6,MT192x448x64_SK5,1,False,True,2,100500,6054c511,Cijk_Alik_Bljk_BBS_BH_Bias_HA_S_SAV_UserArgs_MT192x448x64_MI16x16x1_SN_LDSB0_AFC0_AG0_AGGSUA0_AGNTAB0_AFEM1_AFEM1_ASEM1_BL1_BS1_CD1_1_CLR1_CLS0_CADS0_DTLA0_DTLB0_DTLM0_DTVA0_DTVB0_DTVMXSA0_DTVMXSB0_DTVSM0_DPLB0_EPS0_ELFLR0_EMLLn1_FDSI0_GRPM1_GRVWA8_GRVWB8_GSU0_GSUAMB_GLS0_HPLR0_ISA950_ICIW0_IU1_K1_LDSSI0_LDSTI0_LBSPPA0_LBSPPB0_LBSPPMXSA0_LBSPPMXSB0_LBSPPM0_LPA0_LPB0_LPMXSA0_LPMXSB0_LPM0_LRVWn1_LWPMn1_MIAV0_MIWT12_7_MXLIBL_MXSFNS_MO40_MGRIPM1_NTn1_NTA0_NTB0_NTC0_NTD0_NTE0_NTG0_NTMXSA0_NTMXSB0_NTM0_NTWS0_NVn1_NVA0_NVB0_NVC0_NVD0_NVE0_NVG0_NVMXSA0_NVMXSB0_NVM0_NVWS0_NEPBS0_NLCA1_NLCB1_ONLL1_PAP0_PGL0_PGR2_PLR1_PKA0_RAP0_SGROB0_SIA3_SS0_SPO0_SRVW0_SSO0_SVW4_SK5_SKFTR0_SKFDPO0_SKWS0_SKXCCM0_SNLL0_SIP1_SGRO0_TDMI0_TDMIM0_TDMLWS0_TDMPLB0_TDMS0_TIN0_THn1_THA0_THB0_THC0_THD0_THE0_THG0_THMXSA0_THMXSB0_THM0_THWS0_TLDS1_TLDSMn1_ULSGRO0_USL0_USLMX0_UDFMAC0_UIOFGRO0_UPLRP0_USFGRO0_USI1_VSn1_VWA1_VWB1_WSGRA0_WSGRB0_WS64_WG16_16_1_WGMXCCn1.kd
nightly,10240,20480,7168,bfloat16,3200,asm,1542.5,1486.4,MT256x320x64_SK5,1,False,True,2,100500,6054c511,Cijk_Alik_Bljk_BBS_BH_Bias_HA_S_SAV_UserArgs_MT256x320x64_MI16x16x1_SN_LDSB0_AFC0_AG0_AGGSUA0_AGNTAB0_AFEM1_AFEM1_ASEM1_BL1_BS1_CD1_1_CLR1_CLS0_CADS0_DTLA0_DTLB0_DTLM0_DTVA0_DTVB0_DTVMXSA0_DTVMXSB0_DTVSM0_DPLB0_EPS0_ELFLR0_EMLLn1_FDSI0_GRPM1_GRVWA8_GRVWB8_GSU0_GSUAMB_GLS0_HPLR0_ISA950_ICIW0_IU1_K1_LDSSI0_LDSTI0_LBSPPA0_LBSPPB0_LBSPPMXSA0_LBSPPMXSB0_LBSPPM0_LPA0_LPB0_LPMXSA0_LPMXSB0_LPM0_LRVWn1_LWPMn1_MIAV0_MIWT16_5_MXLIBL_MXSFNS_MO40_MGRIPM1_NTn1_NTA0_NTB0_NTC0_NTD0_NTE0_NTG0_NTMXSA0_NTMXSB0_NTM0_NTWS0_NVn1_NVA0_NVB0_NVC0_NVD0_NVE0_NVG0_NVMXSA0_NVMXSB0_NVM0_NVWS0_NEPBS0_NLCA1_NLCB1_ONLL1_PAP0_PGL0_PGR2_PLR1_PKA0_RAP0_SGROB0_SIA3_SS0_SPO0_SRVW0_SSO0_SVW4_SK5_SKFTR0_SKFDPO0_SKWS0_SKXCCM0_SNLL0_SIP1_SGRO0_TDMI0_TDMIM0_TDMLWS0_TDMPLB0_TDMS0_TIN0_THn1_THA0_THB0_THC0_THD0_THE0_THG0_THMXSA0_THMXSB0_THM0_THWS0_TLDS1_TLDSMn1_ULSGRO0_USL0_USLMX0_UDFMAC0_UIOFGRO0_UPLRP0_USFGRO0_USI1_VSn1_VWA1_VWB1_WSGRA0_WSGRB0_WS64_WG16_16_1_WGMXCCn1.kd
nightly,16384,1024,7168,bfloat16,256,torch,1572.2,1538.0,MT256x256x64_SK5,1,False,True,2,100500,6054c511,Cijk_Alik_Bljk_BBS_BH_Bias_HA_S_SAV_UserArgs_MT256x256x64_MI16x16x1_CMS_SN_LDSB0_AFC0_AG1_AGGSUA0_AGNTAB0_AFEM1_AFEM1_ASEM1_BL1_BS1_CD1_1_CLR0_CLS0_CADS0_DTLA1_DTLB1_DTLM0_DTVA0_DTVB0_DTVMXSA0_DTVMXSB0_DTVSM0_DPLB0_EPS0_ELFLR0_EMLLn1_FDSI0_GRPM1_GRVWA8_GRVWB8_GSU0_GSUAMB_GLS0_HPLR0_ISA950_ICIW0_IU1_K1_LDSSI0_LDSTI0_LBSPPA1024_LBSPPB1024_LBSPPMXSA0_LBSPPMXSB0_LBSPPM0_LPA16_LPB16_LPMXSA0_LPMXSB0_LPM0_LRVW8_LWPMn1_MIAV0_MIWT8_8_MXLIBL_MXSFNS_MO40_MGRIPM1_NTn1_NTA0_NTB0_NTC4_NTD4_NTE0_NTG0_NTMXSA0_NTMXSB0_NTM0_NTWS0_NVn1_NVA0_NVB0_NVC0_NVD0_NVE0_NVG0_NVMXSA0_NVMXSB0_NVM0_NVWS0_NEPBS0_NLCA1_NLCB1_ONLL1_PAP0_PGL0_PGR2_PLR1_PKA1_RAP0_SGROB0_SIA3_SS1_SPO0_SRVW0_SSO4_SVW8_SK5_SKFTR0_SKFDPO0_SKWS0_SKXCCM0_SNLL0_SIP1_SGRO0_TDMI0_TDMIM0_TDMLWS0_TDMPLB0_TDMS0_TIN0_THn1_THA0_THB0_THC0_THD0_THE0_THG0_THMXSA0_THMXSB0_THM0_THWS0_TLDS1_TLDSM1_ULSGRO0_USL1_USLMX0_UDFMAC0_UIOFGRO0_UPLRP0_USFGRO0_USI0_VSn1_VWA8_VWB8_WSGRA0_WSGRB0_WS64_WG32_8_1_WGMXCCn1.kd
nightly,16384,2048,7168,bfloat16,512,torch,1590.4,1558.4,MT256x256x64_SK5,1,False,True,2,100500,6054c511,Cijk_Alik_Bljk_BBS_BH_Bias_HA_S_SAV_UserArgs_MT256x256x64_MI16x16x1_CMS_SN_LDSB0_AFC0_AG1_AGGSUA0_AGNTAB0_AFEM1_AFEM1_ASEM1_BL1_BS1_CD1_1_CLR0_CLS0_CADS0_DTLA1_DTLB1_DTLM0_DTVA0_DTVB0_DTVMXSA0_DTVMXSB0_DTVSM0_DPLB0_EPS0_ELFLR0_EMLLn1_FDSI0_GRPM1_GRVWA8_GRVWB8_GSU0_GSUAMB_GLS0_HPLR0_ISA950_ICIW0_IU1_K1_LDSSI0_LDSTI0_LBSPPA1024_LBSPPB1024_LBSPPMXSA0_LBSPPMXSB0_LBSPPM0_LPA16_LPB16_LPMXSA0_LPMXSB0_LPM0_LRVW8_LWPMn1_MIAV0_MIWT8_8_MXLIBL_MXSFNS_MO40_MGRIPM1_NTn1_NTA0_NTB0_NTC4_NTD4_NTE0_NTG0_NTMXSA0_NTMXSB0_NTM0_NTWS0_NVn1_NVA0_NVB0_NVC0_NVD0_NVE0_NVG0_NVMXSA0_NVMXSB0_NVM0_NVWS0_NEPBS0_NLCA1_NLCB1_ONLL1_PAP0_PGL0_PGR2_PLR1_PKA1_RAP0_SGROB0_SIA3_SS1_SPO0_SRVW0_SSO4_SVW8_SK5_SKFTR0_SKFDPO0_SKWS0_SKXCCM0_SNLL0_SIP1_SGRO0_TDMI0_TDMIM0_TDMLWS0_TDMPLB0_TDMS0_TIN0_THn1_THA0_THB0_THC0_THD0_THE0_THG0_THMXSA0_THMXSB0_THM0_THWS0_TLDS1_TLDSM1_ULSGRO0_USL1_USLMX0_UDFMAC0_UIOFGRO0_UPLRP0_USFGRO0_USI0_VSn1_VWA8_VWB8_WSGRA0_WSGRB0_WS64_WG32_8_1_WGMXCCn1.kd
nightly,16384,8192,7168,bfloat16,2048,torch,1592.4,1549.0,MT256x256x64_SK5,1,False,True,2,100500,6054c511,Cijk_Alik_Bljk_BBS_BH_Bias_HA_S_SAV_UserArgs_MT256x256x64_MI16x16x1_CMS_SN_LDSB0_AFC0_AG1_AGGSUA0_AGNTAB0_AFEM1_AFEM1_ASEM1_BL1_BS1_CD1_1_CLR0_CLS0_CADS0_DTLA1_DTLB1_DTLM0_DTVA0_DTVB0_DTVMXSA0_DTVMXSB0_DTVSM0_DPLB0_EPS0_ELFLR0_EMLLn1_FDSI0_GRPM1_GRVWA8_GRVWB8_GSU0_GSUAMB_GLS0_HPLR0_ISA950_ICIW0_IU1_K1_LDSSI0_LDSTI0_LBSPPA1024_LBSPPB1024_LBSPPMXSA0_LBSPPMXSB0_LBSPPM0_LPA16_LPB16_LPMXSA0_LPMXSB0_LPM0_LRVW8_LWPMn1_MIAV0_MIWT8_8_MXLIBL_MXSFNS_MO40_MGRIPM1_NTn1_NTA0_NTB0_NTC4_NTD4_NTE0_NTG0_NTMXSA0_NTMXSB0_NTM0_NTWS0_NVn1_NVA0_NVB0_NVC0_NVD0_NVE0_NVG0_NVMXSA0_NVMXSB0_NVM0_NVWS0_NEPBS0_NLCA1_NLCB1_ONLL1_PAP0_PGL0_PGR2_PLR1_PKA1_RAP0_SGROB0_SIA3_SS1_SPO0_SRVW0_SSO4_SVW8_SK5_SKFTR0_SKFDPO0_SKWS0_SKXCCM0_SNLL0_SIP1_SGRO0_TDMI0_TDMIM0_TDMLWS0_TDMPLB0_TDMS0_TIN0_THn1_THA0_THB0_THC0_THD0_THE0_THG0_THMXSA0_THMXSB0_THM0_THWS0_TLDS1_TLDSM1_ULSGRO0_USL1_USLMX0_UDFMAC0_UIOFGRO0_UPLRP0_USFGRO0_USI0_VSn1_VWA8_VWB8_WSGRA0_WSGRB0_WS64_WG32_8_1_WGMXCCn1.kd
nightly,32768,3584,7168,bfloat16,1792,torch,1558.1,1409.0,MT256x320x64_SK5,1,False,True,2,100500,6054c511,Cijk_Alik_Bljk_BBS_BH_Bias_HA_S_SAV_UserArgs_MT256x320x64_MI16x16x1_SN_LDSB0_AFC0_AG0_AGGSUA0_AGNTAB0_AFEM1_AFEM1_ASEM1_BL1_BS1_CD1_1_CLR1_CLS0_CADS0_DTLA0_DTLB0_DTLM0_DTVA0_DTVB0_DTVMXSA0_DTVMXSB0_DTVSM0_DPLB0_EPS0_ELFLR0_EMLLn1_FDSI0_GRPM1_GRVWA8_GRVWB8_GSU0_GSUAMB_GLS0_HPLR0_ISA950_ICIW0_IU1_K1_LDSSI0_LDSTI0_LBSPPA0_LBSPPB0_LBSPPMXSA0_LBSPPMXSB0_LBSPPM0_LPA0_LPB0_LPMXSA0_LPMXSB0_LPM0_LRVWn1_LWPMn1_MIAV0_MIWT16_5_MXLIBL_MXSFNS_MO40_MGRIPM1_NTn1_NTA0_NTB0_NTC0_NTD0_NTE0_NTG0_NTMXSA0_NTMXSB0_NTM0_NTWS0_NVn1_NVA0_NVB0_NVC0_NVD0_NVE0_NVG0_NVMXSA0_NVMXSB0_NVM0_NVWS0_NEPBS0_NLCA1_NLCB1_ONLL1_PAP0_PGL0_PGR2_PLR1_PKA0_RAP0_SGROB0_SIA3_SS0_SPO0_SRVW0_SSO0_SVW4_SK5_SKFTR0_SKFDPO0_SKWS0_SKXCCM0_SNLL0_SIP1_SGRO0_TDMI0_TDMIM0_TDMLWS0_TDMPLB0_TDMS0_TIN0_THn1_THA0_THB0_THC0_THD0_THE0_THG0_THMXSA0_THMXSB0_THM0_THWS0_TLDS1_TLDSMn1_ULSGRO0_USL0_USLMX0_UDFMAC0_UIOFGRO0_UPLRP0_USFGRO0_USI1_VSn1_VWA1_VWB1_WSGRA0_WSGRB0_WS64_WG16_16_1_WGMXCCn1.kd
nightly,32768,8192,7168,bfloat16,4096,torch,1593.2,1478.6,MT256x320x64_SK5,1,False,True,2,100500,6054c511,Cijk_Alik_Bljk_BBS_BH_Bias_HA_S_SAV_UserArgs_MT256x320x64_MI16x16x1_SN_LDSB0_AFC0_AG0_AGGSUA0_AGNTAB0_AFEM1_AFEM1_ASEM1_BL1_BS1_CD1_1_CLR1_CLS0_CADS0_DTLA0_DTLB0_DTLM0_DTVA0_DTVB0_DTVMXSA0_DTVMXSB0_DTVSM0_DPLB0_EPS0_ELFLR0_EMLLn1_FDSI0_GRPM1_GRVWA8_GRVWB8_GSU0_GSUAMB_GLS0_HPLR0_ISA950_ICIW0_IU1_K1_LDSSI0_LDSTI0_LBSPPA0_LBSPPB0_LBSPPMXSA0_LBSPPMXSB0_LBSPPM0_LPA0_LPB0_LPMXSA0_LPMXSB0_LPM0_LRVWn1_LWPMn1_MIAV0_MIWT16_5_MXLIBL_MXSFNS_MO40_MGRIPM1_NTn1_NTA0_NTB0_NTC0_NTD0_NTE0_NTG0_NTMXSA0_NTMXSB0_NTM0_NTWS0_NVn1_NVA0_NVB0_NVC0_NVD0_NVE0_NVG0_NVMXSA0_NVMXSB0_NVM0_NVWS0_NEPBS0_NLCA1_NLCB1_ONLL1_PAP0_PGL0_PGR2_PLR1_PKA0_RAP0_SGROB0_SIA3_SS0_SPO0_SRVW0_SSO0_SVW4_SK5_SKFTR0_SKFDPO0_SKWS0_SKXCCM0_SNLL0_SIP1_SGRO0_TDMI0_TDMIM0_TDMLWS0_TDMPLB0_TDMS0_TIN0_THn1_THA0_THB0_THC0_THD0_THE0_THG0_THMXSA0_THMXSB0_THM0_THWS0_TLDS1_TLDSMn1_ULSGRO0_USL0_USLMX0_UDFMAC0_UIOFGRO0_UPLRP0_USFGRO0_USI1_VSn1_VWA1_VWB1_WSGRA0_WSGRB0_WS64_WG16_16_1_WGMXCCn1.kd
nightly,8192,8192,8192,bfloat16,1024,asm,1623.8,1567.3,MT256x256x64_SK-,1,False,True,2,100500,6054c511,Custom_Cijk_Alik_Bljk_BBS_BH_MT256x256x64_MI16x16x1_UserArgs_shortname0_gfx950.kd
nightly,16384,512,8192,bfloat16,128,torch,1075.6,1216.4,MT256x128x64_SK5,1,False,True,2,100500,6054c511,Cijk_Alik_Bljk_BBS_BH_Bias_HA_S_SAV_UserArgs_MT256x128x64_MI16x16x1_SN_LDSB0_AFC0_AG1_AGGSUA0_AGNTAB0_AFEM1_AFEM1_ASEM1_BL1_BS1_CD1_1_CLR1_CLS0_CADS0_DTLA1_DTLB1_DTLM0_DTVA0_DTVB0_DTVMXSA0_DTVMXSB0_DTVSM0_DPLB1_EPS0_ELFLR0_EMLLn1_FDSI0_GRPM1_GRVWA8_GRVWB8_GSU0_GSUAMB_GLS0_HPLR0_ISA950_ICIW0_IU1_K1_LDSSI0_LDSTI0_LBSPPA1024_LBSPPB1024_LBSPPMXSA0_LBSPPMXSB0_LBSPPM0_LPA16_LPB16_LPMXSA0_LPMXSB0_LPM0_LRVW8_LWPMn1_MIAV0_MIWT8_4_MXLIBL_MXSFNS_MO40_MGRIPM1_NTn1_NTA0_NTB4_NTC0_NTD0_NTE0_NTG0_NTMXSA0_NTMXSB0_NTM0_NTWS0_NVn1_NVA0_NVB0_NVC0_NVD0_NVE0_NVG0_NVMXSA0_NVMXSB0_NVM0_NVWS0_NEPBS14_NLCA1_NLCB1_ONLL1_PAP0_PGL0_PGR2_PLR1_PKA1_RAP0_SGROB1_SIA3_SS1_SPO0_SRVW0_SSO1_SVW8_SK5_SKFTR0_SKFDPO0_SKWS0_SKXCCM0_SNLL0_SIP1_SGRO0_TDMI0_TDMIM0_TDMLWS0_TDMPLB0_TDMS0_TIN1_THn1_THA0_THB0_THC0_THD0_THE0_THG0_THMXSA0_THMXSB0_THM0_THWS0_TLDS1_TLDSMn1_ULSGRO1_USL1_USLMX0_UDFMAC0_UIOFGRO0_UPLRP0_USFGRO0_USI0_VSn1_VWA8_VWB4_WSGRA0_WSGRB0_WS64_WG32_8_1_WGMXCCn1.kd
nightly,16384,7168,8192,bfloat16,1792,torch,1603.8,1434.3,MT256x320x64_SK5,1,False,True,2,100500,6054c511,Cijk_Alik_Bljk_BBS_BH_Bias_HA_S_SAV_UserArgs_MT256x320x64_MI16x16x1_SN_LDSB0_AFC0_AG0_AGGSUA0_AGNTAB0_AFEM1_AFEM1_ASEM1_BL1_BS1_CD1_1_CLR1_CLS0_CADS0_DTLA0_DTLB0_DTLM0_DTVA0_DTVB0_DTVMXSA0_DTVMXSB0_DTVSM0_DPLB0_EPS0_ELFLR0_EMLLn1_FDSI0_GRPM1_GRVWA8_GRVWB8_GSU0_GSUAMB_GLS0_HPLR0_ISA950_ICIW0_IU1_K1_LDSSI0_LDSTI0_LBSPPA0_LBSPPB0_LBSPPMXSA0_LBSPPMXSB0_LBSPPM0_LPA0_LPB0_LPMXSA0_LPMXSB0_LPM0_LRVWn1_LWPMn1_MIAV0_MIWT16_5_MXLIBL_MXSFNS_MO40_MGRIPM1_NTn1_NTA0_NTB0_NTC0_NTD0_NTE0_NTG0_NTMXSA0_NTMXSB0_NTM0_NTWS0_NVn1_NVA0_NVB0_NVC0_NVD0_NVE0_NVG0_NVMXSA0_NVMXSB0_NVM0_NVWS0_NEPBS0_NLCA1_NLCB1_ONLL1_PAP0_PGL0_PGR2_PLR1_PKA0_RAP0_SGROB0_SIA3_SS0_SPO0_SRVW0_SSO0_SVW4_SK5_SKFTR0_SKFDPO0_SKWS0_SKXCCM0_SNLL0_SIP1_SGRO0_TDMI0_TDMIM0_TDMLWS0_TDMPLB0_TDMS0_TIN0_THn1_THA0_THB0_THC0_THD0_THE0_THG0_THMXSA0_THMXSB0_THM0_THWS0_TLDS1_TLDSMn1_ULSGRO0_USL0_USLMX0_UDFMAC0_UIOFGRO0_UPLRP0_USFGRO0_USI1_VSn1_VWA1_VWB1_WSGRA0_WSGRB0_WS64_WG16_16_1_WGMXCCn1.kd
nightly,16384,8192,8192,bfloat16,2048,torch,1609.3,1561.1,MT256x256x64_SK5,1,False,True,2,100500,6054c511,Cijk_Alik_Bljk_BBS_BH_Bias_HA_S_SAV_UserArgs_MT256x256x64_MI16x16x1_CMS_SN_LDSB0_AFC0_AG1_AGGSUA0_AGNTAB0_AFEM1_AFEM1_ASEM1_BL1_BS1_CD1_1_CLR0_CLS0_CADS0_DTLA1_DTLB1_DTLM0_DTVA0_DTVB0_DTVMXSA0_DTVMXSB0_DTVSM0_DPLB0_EPS0_ELFLR0_EMLLn1_FDSI0_GRPM1_GRVWA8_GRVWB8_GSU0_GSUAMB_GLS0_HPLR0_ISA950_ICIW0_IU1_K1_LDSSI0_LDSTI0_LBSPPA1024_LBSPPB1024_LBSPPMXSA0_LBSPPMXSB0_LBSPPM0_LPA16_LPB16_LPMXSA0_LPMXSB0_LPM0_LRVW8_LWPMn1_MIAV0_MIWT8_8_MXLIBL_MXSFNS_MO40_MGRIPM1_NTn1_NTA0_NTB0_NTC4_NTD4_NTE0_NTG0_NTMXSA0_NTMXSB0_NTM0_NTWS0_NVn1_NVA0_NVB0_NVC0_NVD0_NVE0_NVG0_NVMXSA0_NVMXSB0_NVM0_NVWS0_NEPBS0_NLCA1_NLCB1_ONLL1_PAP0_PGL0_PGR2_PLR1_PKA1_RAP0_SGROB0_SIA3_SS1_SPO0_SRVW0_SSO4_SVW8_SK5_SKFTR0_SKFDPO0_SKWS0_SKXCCM0_SNLL0_SIP1_SGRO0_TDMI0_TDMIM0_TDMLWS0_TDMPLB0_TDMS0_TIN0_THn1_THA0_THB0_THC0_THD0_THE0_THG0_THMXSA0_THMXSB0_THM0_THWS0_TLDS1_TLDSM1_ULSGRO0_USL1_USLMX0_UDFMAC0_UIOFGRO0_UPLRP0_USFGRO0_USI0_VSn1_VWA8_VWB8_WSGRA0_WSGRB0_WS64_WG32_8_1_WGMXCCn1.kd
nightly,32768,10240,8192,bfloat16,5120,torch,1624.0,1573.0,MT256x256x64_SK5,1,False,True,2,100500,6054c511,Cijk_Alik_Bljk_BBS_BH_Bias_HA_S_SAV_UserArgs_MT256x256x64_MI16x16x1_CMS_SN_LDSB0_AFC0_AG0_AGGSUA0_AGNTAB0_AFEM1_AFEM1_ASEM1_BL1_BS1_CD1_1_CLR1_CLS0_CADS0_DTLA1_DTLB1_DTLM0_DTVA0_DTVB0_DTVMXSA0_DTVMXSB0_DTVSM0_DPLB0_EPS0_ELFLR0_EMLLn1_FDSI0_GRPM1_GRVWA8_GRVWB8_GSU0_GSUAMB_GLS0_HPLR0_ISA950_ICIW0_IU1_K1_LDSSI0_LDSTI0_LBSPPA1024_LBSPPB1024_LBSPPMXSA0_LBSPPMXSB0_LBSPPM0_LPA16_LPB16_LPMXSA0_LPMXSB0_LPMn1_LRVWn1_LWPMn1_MIAV0_MIWT8_8_MXLIBL_MXSFNS_MO64_MGRIPM1_NTn1_NTA0_NTB0_NTC0_NTD0_NTE0_NTG0_NTMXSA0_NTMXSB0_NTM0_NTWS0_NVn1_NVA0_NVB0_NVC0_NVD0_NVE0_NVG0_NVMXSA0_NVMXSB0_NVM0_NVWS0_NEPBS0_NLCA1_NLCB1_ONLL1_PAP0_PGL0_PGR2_PLR1_PKA1_RAP0_SGROB0_SIA3_SS1_SPO0_SRVW0_SSO0_SVW8_SK5_SKFTR0_SKFDPO0_SKWS0_SKXCCM0_SNLL0_SIP1_SGRO0_TDMI0_TDMIM0_TDMLWS0_TDMPLB0_TDMS0_TIN0_THn1_THA0_THB0_THC0_THD0_THE0_THG0_THMXSA0_THMXSB0_THM0_THWS0_TLDS1_TLDSMn1_ULSGRO0_USL1_USLMX0_UDFMAC0_UIOFGRO0_UPLRP0_USFGRO0_USI0_VSn1_VWA8_VWB8_WSGRA0_WSGRB0_WS64_WG32_8_1_WGMXCC1.kd
nightly,16384,6144,12288,bfloat16,1536,torch,1604.8,1468.5,MT256x320x64_SK5,1,False,True,2,100500,6054c511,Cijk_Alik_Bljk_BBS_BH_Bias_HA_S_SAV_UserArgs_MT256x320x64_MI16x16x1_SN_LDSB0_AFC0_AG0_AGGSUA0_AGNTAB0_AFEM1_AFEM1_ASEM1_BL1_BS1_CD1_1_CLR1_CLS0_CADS0_DTLA0_DTLB0_DTLM0_DTVA0_DTVB0_DTVMXSA0_DTVMXSB0_DTVSM0_DPLB0_EPS0_ELFLR0_EMLLn1_FDSI0_GRPM1_GRVWA8_GRVWB8_GSU0_GSUAMB_GLS0_HPLR0_ISA950_ICIW0_IU1_K1_LDSSI0_LDSTI0_LBSPPA0_LBSPPB0_LBSPPMXSA0_LBSPPMXSB0_LBSPPM0_LPA0_LPB0_LPMXSA0_LPMXSB0_LPM0_LRVWn1_LWPMn1_MIAV0_MIWT16_5_MXLIBL_MXSFNS_MO40_MGRIPM1_NTn1_NTA0_NTB0_NTC0_NTD0_NTE0_NTG0_NTMXSA0_NTMXSB0_NTM0_NTWS0_NVn1_NVA0_NVB0_NVC0_NVD0_NVE0_NVG0_NVMXSA0_NVMXSB0_NVM0_NVWS0_NEPBS0_NLCA1_NLCB1_ONLL1_PAP0_PGL0_PGR2_PLR1_PKA0_RAP0_SGROB0_SIA3_SS0_SPO0_SRVW0_SSO0_SVW4_SK5_SKFTR0_SKFDPO0_SKWS0_SKXCCM0_SNLL0_SIP1_SGRO0_TDMI0_TDMIM0_TDMLWS0_TDMPLB0_TDMS0_TIN0_THn1_THA0_THB0_THC0_THD0_THE0_THG0_THMXSA0_THMXSB0_THM0_THWS0_TLDS1_TLDSMn1_ULSGRO0_USL0_USLMX0_UDFMAC0_UIOFGRO0_UPLRP0_USFGRO0_USI1_VSn1_VWA1_VWB1_WSGRA0_WSGRB0_WS64_WG16_16_1_WGMXCCn1.kd
nightly,32768,6144,12288,bfloat16,3072,asm,1605.2,1462.8,MT256x320x64_SK5,1,False,True,2,100500,6054c511,Cijk_Alik_Bljk_BBS_BH_Bias_HA_S_SAV_UserArgs_MT256x320x64_MI16x16x1_SN_LDSB0_AFC0_AG0_AGGSUA0_AGNTAB0_AFEM1_AFEM1_ASEM1_BL1_BS1_CD1_1_CLR1_CLS0_CADS0_DTLA0_DTLB0_DTLM0_DTVA0_DTVB0_DTVMXSA0_DTVMXSB0_DTVSM0_DPLB0_EPS0_ELFLR0_EMLLn1_FDSI0_GRPM1_GRVWA8_GRVWB8_GSU0_GSUAMB_GLS0_HPLR0_ISA950_ICIW0_IU1_K1_LDSSI0_LDSTI0_LBSPPA0_LBSPPB0_LBSPPMXSA0_LBSPPMXSB0_LBSPPM0_LPA0_LPB0_LPMXSA0_LPMXSB0_LPM0_LRVWn1_LWPMn1_MIAV0_MIWT16_5_MXLIBL_MXSFNS_MO40_MGRIPM1_NTn1_NTA0_NTB0_NTC0_NTD0_NTE0_NTG0_NTMXSA0_NTMXSB0_NTM0_NTWS0_NVn1_NVA0_NVB0_NVC0_NVD0_NVE0_NVG0_NVMXSA0_NVMXSB0_NVM0_NVWS0_NEPBS0_NLCA1_NLCB1_ONLL1_PAP0_PGL0_PGR2_PLR1_PKA0_RAP0_SGROB0_SIA3_SS0_SPO0_SRVW0_SSO0_SVW4_SK5_SKFTR0_SKFDPO0_SKWS0_SKXCCM0_SNLL0_SIP1_SGRO0_TDMI0_TDMIM0_TDMLWS0_TDMPLB0_TDMS0_TIN0_THn1_THA0_THB0_THC0_THD0_THE0_THG0_THMXSA0_THMXSB0_THM0_THWS0_TLDS1_TLDSMn1_ULSGRO0_USL0_USLMX0_UDFMAC0_UIOFGRO0_UPLRP0_USFGRO0_USI1_VSn1_VWA1_VWB1_WSGRA0_WSGRB0_WS64_WG16_16_1_WGMXCCn1.kd
nightly,1024,2304,16384,bfloat16,36,torch,881.4,642.3,MT384x208x64_SK5,1,False,True,2,100500,6054c511,Cijk_Alik_Bljk_BBS_BH_Bias_HA_S_SAV_UserArgs_MT384x208x64_MI16x16x1_SN_LDSB0_AFC0_AG0_AGGSUA0_AGNTAB0_AFEM1_AFEM1_ASEM1_BL1_BS1_CD1_1_CLR1_CLS0_CADS0_DTLA0_DTLB0_DTLM0_DTVA0_DTVB0_DTVMXSA0_DTVMXSB0_DTVSM0_DPLB0_EPS0_ELFLR0_EMLLn1_FDSI0_GRPM1_GRVWA8_GRVWB4_GSU0_GSUAMB_GLS0_HPLR0_ISA950_ICIW0_IU1_K1_LDSSI0_LDSTI0_LBSPPA0_LBSPPB0_LBSPPMXSA0_LBSPPMXSB0_LBSPPM0_LPA0_LPB0_LPMXSA0_LPMXSB0_LPM0_LRVWn1_LWPMn1_MIAV0_MIWT6_13_MXLIBL_MXSFNS_MO40_MGRIPM1_NTn1_NTA0_NTB0_NTC0_NTD0_NTE0_NTG0_NTMXSA0_NTMXSB0_NTM0_NTWS0_NVn1_NVA0_NVB0_NVC0_NVD0_NVE0_NVG0_NVMXSA0_NVMXSB0_NVM0_NVWS0_NEPBS0_NLCA1_NLCB1_ONLL1_PAP0_PGL0_PGR2_PLR1_PKA0_RAP0_SGROB0_SIA3_SS0_SPO0_SRVW0_SSO0_SVW4_SK5_SKFTR0_SKFDPO0_SKWS0_SKXCCM0_SNLL0_SIP1_SGRO0_TDMI0_TDMIM0_TDMLWS0_TDMPLB0_TDMS0_TIN0_THn1_THA0_THB0_THC0_THD0_THE0_THG0_THMXSA0_THMXSB0_THM0_THWS0_TLDS1_TLDSMn1_ULSGRO0_USL0_USLMX0_UDFMAC0_UIOFGRO0_UPLRP0_USFGRO0_USI1_VSn1_VWA1_VWB1_WSGRA0_WSGRB0_WS64_WG64_4_1_WGMXCCn1.kd
nightly,2048,2304,16384,bfloat16,72,torch,945.9,508.4,MT288x288x64_SK5,1,False,True,2,100500,6054c511,Cijk_Alik_Bljk_BBS_BH_Bias_HA_S_SAV_UserArgs_MT288x288x64_MI16x16x1_SN_LDSB0_AFC0_AG0_AGGSUA0_AGNTAB0_AFEM1_AFEM1_ASEM1_BL1_BS1_CD1_1_CLR1_CLS0_CADS0_DTLA0_DTLB0_DTLM0_DTVA0_DTVB0_DTVMXSA0_DTVMXSB0_DTVSM0_DPLB0_EPS0_ELFLR0_EMLLn1_FDSI0_GRPM1_GRVWA8_GRVWB8_GSU0_GSUAMB_GLS0_HPLR0_ISA950_ICIW0_IU1_K1_LDSSI0_LDSTI0_LBSPPA0_LBSPPB0_LBSPPMXSA0_LBSPPMXSB0_LBSPPM0_LPA0_LPB0_LPMXSA0_LPMXSB0_LPM0_LRVWn1_LWPMn1_MIAV0_MIWT9_9_MXLIBL_MXSFNS_MO40_MGRIPM1_NTn1_NTA0_NTB0_NTC0_NTD0_NTE0_NTG0_NTMXSA0_NTMXSB0_NTM0_NTWS0_NVn1_NVA0_NVB0_NVC0_NVD0_NVE0_NVG0_NVMXSA0_NVMXSB0_NVM0_NVWS0_NEPBS0_NLCA1_NLCB1_ONLL1_PAP0_PGL0_PGR2_PLR1_PKA0_RAP0_SGROB0_SIA3_SS0_SPO0_SRVW0_SSO0_SVW4_SK5_SKFTR0_SKFDPO0_SKWS0_SKXCCM0_SNLL0_SIP1_SGRO0_TDMI0_TDMIM0_TDMLWS0_TDMPLB0_TDMS0_TIN0_THn1_THA0_THB0_THC0_THD0_THE0_THG0_THMXSA0_THMXSB0_THM0_THWS0_TLDS1_TLDSMn1_ULSGRO0_USL0_USLMX0_UDFMAC0_UIOFGRO0_UPLRP0_USFGRO0_USI1_VSn1_VWA1_VWB1_WSGRA0_WSGRB0_WS64_WG32_8_1_WGMXCCn1.kd
nightly,8192,5120,25600,bfloat16,640,asm,1431.7,1537.6,MT224x384x64_SK5,1,False,True,4,100500,6054c511,Cijk_Alik_Bljk_BBS_BH_Bias_HA_S_SAV_UserArgs_MT224x384x64_MI16x16x1_SN_LDSB0_AFC0_AG0_AGGSUA0_AGNTAB0_AFEM1_AFEM1_ASEM1_BL1_BS1_CD1_1_CLR1_CLS0_CADS0_DTLA0_DTLB0_DTLM0_DTVA0_DTVB0_DTVMXSA0_DTVMXSB0_DTVSM0_DPLB0_EPS0_ELFLR0_EMLLn1_FDSI0_GRPM1_GRVWA8_GRVWB8_GSU0_GSUAMB_GLS0_HPLR0_ISA950_ICIW0_IU1_K1_LDSSI0_LDSTI0_LBSPPA0_LBSPPB0_LBSPPMXSA0_LBSPPMXSB0_LBSPPM0_LPA0_LPB0_LPMXSA0_LPMXSB0_LPM0_LRVWn1_LWPMn1_MIAV0_MIWT14_6_MXLIBL_MXSFNS_MO40_MGRIPM1_NTn1_NTA0_NTB0_NTC0_NTD0_NTE0_NTG0_NTMXSA0_NTMXSB0_NTM0_NTWS0_NVn1_NVA0_NVB0_NVC0_NVD0_NVE0_NVG0_NVMXSA0_NVMXSB0_NVM0_NVWS0_NEPBS0_NLCA1_NLCB1_ONLL1_PAP0_PGL0_PGR2_PLR1_PKA0_RAP0_SGROB0_SIA3_SS0_SPO0_SRVW0_SSO0_SVW4_SK5_SKFTR0_SKFDPO0_SKWS0_SKXCCM0_SNLL0_SIP1_SGRO0_TDMI0_TDMIM0_TDMLWS0_TDMPLB0_TDMS0_TIN0_THn1_THA0_THB0_THC0_THD0_THE0_THG0_THMXSA0_THMXSB0_THM0_THWS0_TLDS1_TLDSMn1_ULSGRO0_USL0_USLMX0_UDFMAC0_UIOFGRO0_UPLRP0_USFGRO0_USI1_VSn1_VWA1_VWB1_WSGRA0_WSGRB0_WS64_WG16_16_1_WGMXCCn1.kd
